Auth,Date,Pages
Elliotte Rusty Harold 著、戸松 豊和 監訳、田和 勝 訳,2001-10-01,832
"Gregory Satir, Doug Brown 著、望月 康司 監訳、谷口 功 訳",2001-11-01,240
"Tony Bourke 著、鍋島 公章 監訳、上谷 一, 横山 晴庸 訳",2001-12-01,232
"Hal Stern, Mike Eisler, Ricardo Labiaga 著、砂原 秀樹 監訳、木下 哲也 訳",2002-04-01,600
"渡辺 勝弘, 伊原 秀明 著",2002-04-01,328
"Linda Lamb, Arnold Robbins 著、福崎 俊博 訳",2002-05-01,256
"Douglas R. Mauro, Kevin J. Schmidt 著、土本 康生 監訳、福田 剛士 訳",2002-07-01,360
"Rob Flickenger 著、山崎 年正 監訳、桑原 良和, 番字 素子 訳",2002-09-01,180
"Larry Wall, Tom Christiansen, Jon Orwant 著、近藤 嘉雪 訳",2002-09-01,756
"Larry Wall, Tom Christiansen, Jon Orwant 著、近藤 嘉雪 訳",2002-09-01,680
W. Curtis Preston 著、金崎 裕己 監訳、豊沢 聡 訳,2002-10-01,272
"Patrick Niemeyer, Jonathan Knudsen 著、滝沢 徹, 牧野 祐子, 鈴木 憲子 訳",2003-03-01,572
"AEleen Frisch 著、飯塚 正樹, 下田 みどり 訳",2003-07-01,632
Jonathan Hassell 著、株式会社アクセンス・テクノロジー 訳,2003-12-01,256
Steve Oualline 著、望月 康司 監訳、株式会社クイープ 訳,2003-09-01,644
"Ben Laurie, Peter Laurie 著、田辺 茂也 監訳、大川 佳織 訳",2003-09-01,676
Rob Flickenger 著、山口 晴広 監訳、イメージズ・アンド・ワーズ 訳,2003-11-01,288
Dan Pilone 著、原 隆文 訳,2003-10-01,96
"Jennifer Vesperman 著、滝沢 徹, 牧野 祐子 訳",2003-12-01,352
Curt Frye 著、日向 あおい 訳,2004-02-01,112
"Kevin Hemenway, Tara Calishain 著、村上 雅章 訳",2004-05-01,544
Kyle D. Dent 著、菅野良二 訳,2004-08-10,328
Ray Lischner 著、株式会社クイープ 訳,2004-07-27,556
Hans Bergsten 著、岩谷 宏 訳,2004-08-10,688
Chris McNab　著、鍋島公章　監訳、株式会社ネットワークバリューコンポネンツ　訳,2005-04-21,488
James Elliott　著、佐藤 直生　訳,2004-12-29,208
"David M. Bourg, Glenn Seemann　著、株式会社クイープ　訳",2005-01-12,392
Sid Steward　著、千住 治郎　訳,2005-03-29,368
Mitch Tulloch　著、高橋 基信　監訳、占部 優希　訳,2005-05-26,432
Kyle Rankin　著、須崎 有康　監修、株式会社クイープ　訳,2005-06-27,400
Eric A. Meyer　著、株式会社クイープ　訳,2005-06-27,568
Sham Bhangal　著、株式会社クイープ　訳,2005-07-11,544
Daniel J. Barrett　著、猪俣 敦夫、岡本 健、田淵 貴昭　訳,2005-08-27,220
Andrew Savikas　著、日向 あおい　訳,2005-07-25,304
Andy Hertzfeld　著、柴田 文彦　訳,2005-09-26,352
Arnold Robbins　著、千住 治郎　訳,2005-09-08,104
"Eric Freeman, Elisabeth Freeman, Kathy Sierra, Bert Bates 著、佐藤 直生 監訳、木下 哲也, 有限会社 福龍興業 訳",2005-12-02,604
Nicholas Petreley、 Jono Bacon　著、株式会社ドキュメントシステム　訳,2005-09-26,432
Russel J. T. Dyer　著、渡邉了介、株式会社ドキュメントシステム　訳,2005-09-15,448
"Jonathan Corbet, Alessandro Rubini, Greg Kroah-Hartman 著、山崎 康宏, 山崎 邦子, 長原 宏治, 長原 陽子 訳",2005-10-22,648
"Cameron Newham, Bill Rosenblatt 著、株式会社クイープ 訳",2005-10-27,368
Raph Koster 著、酒井 皇治 訳,2005-12-17,304
Ivan Ristic 著、株式会社クイープ 訳,2005-10-17,448
Steve Holzner 著、長瀬嘉秀 監訳、株式会社テクノロジックアート 訳,2005-11-19,324
Jack D. Herrington 著、株式会社クイープ 訳,2005-12-23,472
Arnold Robbins、Nelson H. F. Beebe　著、日向 あおい　訳,2006-01-27,372
Robert Mecklenburg 著、矢吹 道郎 監訳、菊池 彰 訳,2005-12-23,304
Vincent Massol、Timothy M. O'Brien　著、佐藤 直生　訳,2006-02-24,232
"Tom Stafford, Matt Webb 著、夏目 大 訳",2005-12-17,440
Ken Pugh　著、木下 哲也、有限会社 福龍興業　訳,2006-01-26,280
Bill Siggelkow　著、長瀬 嘉秀、永田 渉　監訳、株式会社テクノロジックアート　訳,2006-01-27,420
C.J.Date　著、株式会社クイープ　訳,2006-02-24,320
"Kathy Sierra, Bert Bates　著、夏目 大　訳、島田 秋雄、高坂 一城、神戸 博之　監修",2006-03-24,720
Simon Cozens　著、菅野 良二　訳,2006-03-24,320
Alan Beaulieu　著、株式会社クイープ　訳,2006-04-22,320
Tyler Mitchell　著、大塚 恒平、たくぼ あきお、丹羽 誠、真野 栄一、森 亮　訳,2006-05-20,380
Peter Morville　著、浅野 紀予　訳,2006-04-18,264
"Dan Pilone, Neil Pitman　著、原 隆文　訳",2006-06-15,260
Robbie Allen　著、マイクロソフト株式会社ITプロ エバンジェリストチーム　監修、株式会社クイープ　訳,2006-05-11,552
Chris Shiflett　著、桑村 潤、廣川 類　訳,2006-05-11,136
"Daniel J. Barrett, Richard E. Silverman, Robert G. Byrnes　著、小島 肇　監訳、坂井 順行、鹿田 幸治、園田 道夫、高橋 基信、根津 研介、宮本 久仁男、両輪 顕、関谷 麻美　訳",2006-11-22,736
高林 哲、鵜飼 文敏、佐藤 祐介、浜地 慎一郎、首藤 一幸　著,2006-11-11,412
"Jim Van Meggelen, Jared Smith, Leif Madsen　著、チャットボイス株式会社　監訳、信國 謙司　訳",2006-06-03,452
Michael Havey　著、長瀬 嘉秀、永田 渉　監訳、株式会社テクノロジックアート　訳,2006-06-03,328
Jack D. Herrington　著、牧野 聡　訳,2006-06-23,436
"Jesse Liberty, Brian MacDonald　著、日向 俊二　訳",2006-08-09,376
オライリー・ジャパン　編,2006-08-23,176
Scott Berkun　著、村上 雅章　訳,2006-09-06,464
Damian Conway　著、株式会社クイープ　訳,2006-08-23,520
Eric T. Peterson　著、株式会社デジタルフォレスト　監修、木下 哲也、有限会社 福龍興業　訳,2006-11-07,460
"D. Ryan Stephens, Christopher Diggins, Jonathan Turkanis, Jeff Cogswell　著、株式会社クイープ　訳",2006-09-23,520
"Bill von Hagen, Brian K. Jones　著、菅野 良二　訳",2006-10-21,544
Thomas A. Limoncelli　著、株式会社クイープ　訳,2006-10-18,272
Matthew Gast　著、渡辺 尚、小野 良司　監訳、林 秀幸　訳,2006-11-18,664
羽山 博　著,2006-10-21,584
Brett McLaughlin　著、夏目 大　監訳、児島 修　訳,2006-12-23,448
Cal Henderson　著、武舎 広幸、福地 太郎、武舎 るみ　訳,2006-12-23,352
Chad Fowler　著、長瀬 嘉秀、永田 渉　監訳、株式会社テクノロジックアート　訳,2006-12-16,308
"Dale Dougherty, Arnold Robbins 著、福崎 俊博 訳",1997-10-01,488
"Andrew Oram, Steve Talbott　著、矢吹 道郎　監訳、菊池 彰　訳",1997-07-01,172
Steve Oualline 著、望月 康司 監訳、谷口 功 訳,1998-06-01,480
"Bradford Nichols, Dick Buttlar, Jacqueline Proulx Farrell 著、榊 正憲 訳",1998-05-01,328
"Alex Martelli, Anna Martelli Ravenscroft, David Ascher　著、鴨澤 眞夫、當山 仁健、吉田 聡、吉宗 貞紀、他　訳",2007-06-23,652
"Debra Cameron, James Elliott, Marc Loy, Eric Raymond, Bill Rosenblatt　著、半田 剣一、宮下 尚　監訳、新井 貴之、鈴木 和也　訳",2007-03-09,512
"Daniel P. Bovet, Marco Cesati　著、高橋 浩和　監訳、杉田 由美子、清水 正明、高杉 昌督、平松 雅巳、安井 隆宏　訳",2007-02-23,1024
Anthony Molinaro　著、木下 哲也、有限会社 福龍興業　訳,2007-01-24,548
"Russ Miles, Kim Hamilton　著、原 隆文　訳",2007-02-07,288
オライリー・ジャパン　編,2007-03-16,184
"Rael Dornfest, Paul Bausch, Tara Calishain　著、山名 早人　監訳、石川 隼輔、堀井 洋、村上 明子、鹿島 久嗣、小柳 光生　訳",2007-04-21,576
Michael Mahemoff　著、牧野 聡　訳,2007-05-12,704
"Lucas Carlson, Leonard Richardson　著、株式会社クイープ　訳",2007-04-25,512
"Michael Barr, Anthony Massa　著、有馬 三郎　訳",2007-06-22,324
Andrew Lockhart　著、渡辺 勝弘、鶴岡 信彦、黒川 原佳　訳,2007-06-15,472
Silvia Hagen　著、市原 英也　監訳、豊沢 聡　訳,2007-06-20,544
Greg Kroah-Hartman　著、千住 治郎　訳,2007-07-11,256
"Andrew Cumming, Gordon Russell　著、西沢 直木　訳",2007-07-26,440
Scott Raymond　著、牧野 聡　訳,2007-07-21,392
Steven Douglas Olson　著、安藤 慶一　訳,2007-08-08,240
"Dan Woods, Thomas Mattern　著、SAPジャパン株式会社　監修、石橋 啓一郎　訳",2007-12-01,472
Bruce Frey　著、鴨澤 眞夫　監訳、西沢 直木　訳,2007-12-22,292
"Stephane Faroult, Peter Robson　著、木下 哲也、有限会社 福龍興業　訳",2007-09-14,332
Ron Hale-Evans　著、夏目 大　訳,2007-08-25,396
オライリー・ジャパン　編,2007-09-26,184
Mat Buckland　著、松田 晃一　訳,2007-09-26,536
"Rich Gibson, Schuyler Erle　著、武舎 広幸、福地 太郎、武舎 るみ　訳",2007-10-24,340
Sasha Pachev　著、伊藤 直也、田中 慎司、吉川 英興　監訳、菅野 良二　訳,2007-11-17,264
"Jasmin Blanchette, Mark Summerfield　著、杵渕 聡、杉田 研治　訳",2007-11-23,528
Scott Berkun　著、村上 雅章　訳,2007-10-26,216
"Tom Adelstein, Bill Lubanovic　著、千住 治郎　訳",2007-11-14,336
"David Hawley, Raina Hawley　著、羽山 博　監訳、日向 あおい　訳",2007-11-21,396
Kahuaプロジェクト　著、川合 史朗　監修,2008-03-14,524
"Brett McLaughlin, Gary Pollice, David West　著、長瀬 嘉秀、永田 渉　監訳、株式会社テクノロジックアート　訳",2007-12-01,636
永井 勝則　著,2007-12-21,464
"Leonard Richardson, Sam Ruby　著、山本 陽平　監訳、株式会社クイープ　訳",2007-12-19,480
Gary A. Donahue　著、木下 哲也　訳,2007-12-22,592
James Reinders　著、菅原 清文　監訳、エクセルソフト株式会社　訳,2008-02-22,360
Brian Marick　著、菅野 良二　訳,2008-02-22,312
Mark Richards　写真、John Alderman　文、鴨澤 眞夫　訳,2008-02-23,164
Christopher Wells　著、牧野 聡　訳,2008-02-16,284
Jeffrey E.F. Friedl　著、株式会社ロングテール／長尾 高弘　訳,2008-04-26,528
オライリー・ジャパン　編,2008-03-25,192
Steve Souders　著、武舎 広幸、福地 太郎、武舎 るみ　訳,2008-04-11,184
Robert Love　著、千住 治郎　訳,2008-04-16,396
"Andy Oram, Greg Wilson　編、Brian Kernighan, Jon Bentley, まつもとゆきひろ, 他　著、久野 禎子、久野 靖　訳",2008-04-23,672
Toby Segaran　著、當山 仁健、鴨澤 眞夫　訳,2008-07-24,392
"Michele E. Davis, Jon A. Phillips　著、西沢 直木　訳",2008-05-24,464
Ken Pugh　著、角谷 信太郎　監訳、児島 修　訳,2008-05-23,240
Yugui　著,2008-06-25,224
Lynn Beighley　著、佐藤 直生　監訳、松永 多苗子　訳,2008-06-07,608
Danny Goodman　著、村上 列　訳,2008-06-21,592
"Rich Shupe, Zevan Rosser　著、永井 勝則　訳",2008-08-23,480
Christophe Porteneuve　著、栗山 淳　監訳、吉田 遼二　訳,2008-07-26,420
Michael Morrison　著、豊福 剛　訳,2008-08-13,648
"Jay Hilyard, Stephen Teilhet　著、鈴木 幸敏　訳",2008-08-23,564
"Carl Albing, JP Vossen, Cameron Newham 著、株式会社クイープ 訳",2008-09-25,644
"Fletcher Dunn, Ian Parberry　著、松田 晃一　訳",2008-10-03,484
Ben Fry　著、増井 俊之　監訳 、加藤 慶彦　訳 ,2008-11-29,432
オライリー・ジャパン　編,2008-09-25,192
"Ken Coar, Rich Bowen 著、笹井 崇司 訳",2008-09-25,308
Lee Holmes　著、マイクロソフト株式会社ITプロ エバンジェリストチーム　監訳、菅野 良二　訳,2008-10-22,630
"Andrew Stellman, Jennifer Greene　著 、木下 哲也　訳、佐藤 嘉一　技術監修",2008-10-16,592
Tom Igoe　著、小林 茂　監訳、水原 文　訳,2008-11-14,456
"Peter Merholz, Brandon Schauer, David Verba, Todd Wilkens　著、高橋 信夫　訳",2008-10-25,180
Brad Ediger　著、株式会社クイープ　訳,2008-10-25,376
Colin Moock　著 、永井 勝則　訳,2008-11-21,1044
"Jason Brittain, Ian F. Darwin　著、村上 雅章　訳",2008-11-27,560
ThoughtWorks Inc.　著、株式会社オージス総研 オブジェクトの広場編集部　訳,2008-12-25,276
"Cricket Liu, Paul Albitz　著、小柏 伸夫　訳",2008-12-06,672
Douglas Crockford　著、水野 貴明　訳,2008-12-20,198
"Dan Pilone, Russ Miles　著、木下 哲也　監訳、有限会社 福龍興業 訳",2009-01-21,496
Mark Lutz　著、夏目 大　訳,2009-02-25,808
"David Flanagan, まつもと ゆきひろ　著 、卜部 昌平　監訳、長尾 高弘　訳",2009-01-24,472
"James Shore, Shane Warden　著、木下 史彦、平鍋 健児　監訳、笹井 崇司　訳",2009-02-17,464
brian d foy　著、菅野 良二　訳,2009-03-20,388
John Allspaw　著、佐藤 直生　監訳、木下 哲也　訳,2009-03-18,160
"Ezra Zygmuntowicz, Bruce A. Tate, Clinton Begin 著、前田 修吾、橋本 将、小倉 正充　監訳、牧野 聡　訳",2009-03-14,276
オライリー・ジャパン編,2009-03-26,192
Neal Ford　著、島田 浩二　監訳、夏目 大　訳,2009-04-25,284
Andy Hunt　著、武舎 広幸、武舎 るみ　訳,2009-04-25,304
吉岡弘隆、大和一洋、大岩尚宏、安部東洋、吉田俊輔　著,2009-04-25,424
Paul Zeitz　著、山口 文彦、松崎 公紀、三橋 泉、松永 多苗子、伊知地 宏　訳,2010-12-25,452
"Norman Matloff,Peter Salzman　著、相川愛三　訳",2009-06-06,288
James Kalbach　著、長谷川 敦士、浅野 紀予　監訳、児島 修　訳,2009-05-23,388
オライリー・ジャパン　編,2009-07-08,192
Karl Fogel　著、高木正弘、高岡芳成　訳,2009-07-25,320
C. Michael Pilato、Ben Collins-Sussman、Brian W. Fitzpatrick　著、宮本 久仁男　監訳、朝枝 雅子、浜本 階生　訳,2009-07-25,480
Dan Chak　著、高井 直人　監訳、笹井 崇司　訳,2009-07-23,340
Jonathan Zdziarski　著、近藤 誠　監訳、武舎 広幸、武舎 るみ　訳,2009-09-04,448
"Chris Bateman, Richard Boon　著、松原 健二　監訳、岡 真由美　訳",2009-09-04,412
John Papa　著、マイクロソフト株式会社 アーキテクトエバンジェリスト 鈴木 章太郎　監訳、SilverlightSquare　訳,2009-09-11,420
Dawn Griffiths　著、黒川 利明　監訳、木下 哲也、黒川 洋、黒川 めぐみ　訳,2009-08-22,548
オライリー・ジャパン　編,2009-09-26,184
"Karim Yaghmour, Jon Masters, Gilad Ben-Yossef, Philippe Gerum　著、水原 文　訳",2009-10-24,472
"Bryan O'Sullivan, John Goerzen, Don Stewart　著、山下 伸夫、伊東 勝利、株式会社タイムインターメディア　訳 ",2009-10-24,720
Richard Monson-Haefel　編、鈴木 雄介　監修、長尾 高弘　訳,2009-10-03,246
Diomidis Spinellis、Georgios Gousios　編、久野 禎子、久野 靖　訳,2009-11-26,442
Andrew B. King　著、山名 早人　監訳、原 隆文　訳,2009-12-18,424
Wendy Chisholm、 Matt May　著、水野 貴明　訳,2009-12-18,260
オライリー・ジャパン　編,2010-01-26,176
Bill Scott、Theresa Neil　著、浅野 紀予　監訳、高橋 信夫　訳,2009-12-26,332
Clay Breshears　著、千住 治郎　訳,2009-12-19,284
Keith Peters　著、相川 愛三　訳,2010-01-23,484
David Griffiths　著 、松田 明　監訳 、児島 修　訳 ,2010-01-16,464
Jon Loeliger　著、吉藤 英明　監訳、本間 雅洋、渡邉 健太郎、浜本 階生　訳,2010-02-18,372
"Al Anderson, Ryan Benedetti　著、木下 哲也　訳",2010-02-26,536
"Lynn Beighley, Michael Morrison　著、佐藤 嘉一　訳",2010-03-25,672
Gregory Brown著、高橋 征義　監訳、笹井 崇司　訳,2010-03-25,364
Steve Souders　著 、武舎 広幸、福地 太郎、武舎 るみ　訳,2010-04-09,324
Peter Saint-Andre、Kevin Smith、Remko Troncon　著、牧野 聡　訳,2010-04-17,324
Justin Seitz　著、安藤 慶一　訳,2010-05-21,272
Godfrey Nolan　著、松田 晃一、小沼 千絵、湯浅 龍太　訳,2010-06-02,312
"Jan Goyvaerts, Steven Levithan　著、長尾 高弘　訳 ",2010-04-14,552
John Viega　著、葛野 弘樹　監訳、夏目 大　訳,2010-04-24,304
"Toby Segaran, Colin Evans, Jamie Taylor　著、大向 一輝、加藤 文彦、中尾 光輝、山本 泰智　監訳、玉川 竜司　訳",2010-06-25,312
Theodore Gray　著、高橋 信夫　訳,2010-05-22,240
新井 悠、岩村 誠、川古谷 裕平、青木 一史、星澤 裕二　著,2010-12-18,264
株式会社ブリリアントサービス　著,2010-09-03,568
オライリー・ジャパン　編,2010-08-25,172
Tim Mather、Subra Kumaraswamy、Shahed Latif　著、下道 高志　監訳、笹井 崇司　訳,2010-06-12,314
Andy Oram、John Viega　編、伊藤 真浩　訳,2010-06-26,352
"Dave H. Hoover, Adewale Oshineye　著、柴田 芳樹　訳",2010-07-07,216
Jonathan Stark　著、増井 俊之　監訳、牧野 聡　訳,2010-08-06,208
Paul Zirkle、Joe Hogue　著、松田 白朗　監訳、武舎 広幸、阿部 和也、武舎 るみ　訳,2010-09-03,304
"Jennifer Campbell, Paul Gries, Jason Montojo, Greg Wilson　著、長尾 高弘　訳",2010-07-22,356
Michael Milton　著、大橋 真也　監訳、木下 哲也　訳,2010-07-09,480
Francesco Cesarini、Simon Thompson　著、佐藤 嘉一　訳,2010-07-24,508
Chris Smith　著、鈴木 幸敏　訳、頃末 和義　技術監修,2010-08-25,436
Bill Burke　著、arton　監訳、菅野 良二　訳,2010-08-21,348
jQuery Community Experts　著、株式会社クイープ　訳,2010-08-17,480
Chris Pine　著、長尾 高弘　訳,2010-09-18,232
Steven Bird、Ewan Klein、Edward Loper　著、萩原 正人、中山 敬広、水野 貴明　訳,2010-11-10,592
Federico Biancuzzi、Shane Warden　編、伊藤 真浩、頃末 和義、佐藤 嘉一、鈴木 幸敏、村上 雅章　訳,2010-09-25,536
吉田 悠一、高山 征大、UICoderz　著,2010-10-22,196
Scott Berkun　著、酒匂 寛　訳,2010-10-26,240
Tim Riley、Adam Goucher　編、大西 建児　監訳、児島 修　訳,2010-10-26,376
Dan Sanderson　著、玉川 竜司　訳,2011-01-22,392
"Peter Morville, Jeffery Callender　著、浅野 紀予　訳",2010-11-25,208
Charles Platt　著、鴨澤 眞夫　訳,2010-11-27,344
Peter B. MacIntyre　著、長尾 高弘　訳,2010-12-08,176
Kevlin Henney編、和田 卓人　監修、夏目 大　訳,2010-12-17,276
Sriram Krishnan　著、安納 順一、砂金 信一郎、佐藤 直樹、関田 文雄、野村 一行　監訳、玉川 竜司　訳,2011-02-26,372
Dean Wampler、Alex Payne　著、株式会社オージス総研 オブジェクトの広場編集部　訳,2011-01-19,544
Mark Pilgrim　著、矢倉 眞隆　監訳、水原 文　訳,2011-04-22,256
Sal Mangano　著、松田 裕幸　訳,2011-04-23,672
Philip Rideout　著、安藤 幸央　監訳、阿部 和也、武舎 広幸　訳,2011-03-18,464
Jonathan Stark　著、増井 俊之　監訳、牧野 聡　訳,2011-02-23,224
Jim Waldo　著、矢野 勉　監訳、笹井 崇司　訳,2011-02-23,208
Stoyan Stefanov　著、豊福 剛　訳,2011-02-15,244
Toby Segaran、Jeff Hammerbacher　編、堀内 孝彦、真鍋 加奈子、苅谷 潤、小俣 仁美、篠崎 誠　訳,2011-02-26,400
Nicholas C. Zakas　著、水野 貴明　訳,2011-03-19,248
オライリー・ジャパン編,2011-04-23,176
Kyle Loudon　著、河村 圭介　監訳、木下 哲也　訳,2011-03-24,320
John Allspaw、Jesse Robbins　編、角 征典　訳,2011-05-14,278
Shelley Powers　著、株式会社クイープ　訳,2011-04-22,572
Jono Bacon　著、渋川 よしき　訳,2011-05-25,336
山下 武志 著,2011-07-21,270
浅井 智也、池田 譲治、小山田 昌史、五味渕 大賀、下田 洋志、寺田 真、松澤 太郎　著,2011-10-26,504
Gever Tulley、Julie Spiegler　著、金井 哲夫　訳,2011-05-25,184
Michael Lopp　著、夏目 大　訳,2011-06-24,368
Mark Frauenfelder　著、金井 哲夫　訳,2011-06-25,246
池田 宗広、大岩 尚宏、島本 裕志、竹部 晶雄、平松 雅巳　著、高橋 浩和　監修,2011-07-26,564
Josh Clark　著、深津 貴之　監訳、武舎 広幸、武舎 るみ　訳,2011-06-18,320
Julie Steele、Noah Iliinsky　編、増井 俊之　監訳、牧野 聡　訳,2011-10-26,400
"Dave Gray, Sunni Brown, James Macanufo　著、野村 恭彦　監訳、武舎 広幸、武舎 るみ　訳",2011-08-20,302
宮川 義之、武藤 太輔　著,2011-09-10,432
Mark Summerfield　著 、杉田 研治、山田 亮介　訳,2012-04-25,536
Andrew Lee Rubinger、Bill Burke　著、木下 哲也　訳、佐藤 直生　監訳,2011-08-26,452
Barbee Davis　編、神庭 弘年　監修、笹井 崇司　訳,2011-11-29,268
Andy Oram、Greg Wilson　編、久野 禎子、久野 靖　訳,2011-09-24,612
"Jimmy Lin, Chris Dyer　著、神林 飛志、野村 直之　監修、玉川 竜司　訳",2011-10-01,210
Jon Erickson　著、村上 雅章　訳,2011-10-22,564
マーカス・チャウン　著、糸川 洋　訳,2012-04-21,224
Jon Reid　著、渡邉 真人、白石 俊平　監訳、牧野 聡　訳,2011-12-22,192
Steve Fulton、Jeff Fulton　著、安藤 慶一　訳,2012-01-21,384
Raffaele Cecco　著、相川 愛三　訳,2012-03-16,288
Eben Hewitt　著、大谷 晋平、小林 隆　訳,2011-12-24,368
Robert Faludi　著、小林 茂　監訳、水原 文　訳,2011-12-09,348
Jenifer Tidwell　著、ソシオメディア株式会社　監訳、浅野 紀予　訳,2011-12-24,592
Terence Parr　著、中田 育男　監訳、伊藤 真浩　訳,2011-12-24,352
Paul Teetor　著、大橋 真也　監訳、木下 哲也　訳,2011-12-22,374
John Ferguson Smart　著、Sky株式会社 玉川 竜司　訳,2012-02-22,412
"Zigurd Mednieks, Laird Dornin, G. Blake Meike, Masumi Nakamura　著 、永井 勝則　訳",2012-02-17,532
Dustyn Roberts　著、岩崎 修　監修、金井 哲夫　訳,2012-03-24,320
David Kennedy、Jim O'Gorman、Devon Kearns、Mati Aharoni　著、青木 一史、秋山 満昭、岩村 誠、川古谷 裕平、川島 祐樹、辻 伸弘、宮本 久仁男　監訳 、岡 真由美　訳,2012-05-23,368
Mitch Garnaat　著、成田 昇司、株式会社トップスタジオ　訳,2012-07-17,81
中野 猛、山下 真一、猿田 浩輔、上新 卓也、小林 隆　著,2012-04-25,434
Christopher Schmitt、Kyle Simpson　著、株式会社クイープ　訳,2012-06-22,288
株式会社ブリリアントサービス、八木 俊広、原 昇平、かわかみ ひろき　著,2012-10-24,580
John Whitington　著、村上 雅章　訳,2012-05-25,248
David Flanagan　著、木下 哲也　訳,2012-08-10,392
Alex MacCaw　著、牧野 聡　訳,2012-06-09,304
田中 浩也　著,2012-06-09,224
オライリー・ジャパン編,2012-11-24,176
Susan Weinschenk　著、武舎 広幸、武舎 るみ、阿部 和也　訳,2012-07-14,288
Scott Rogers　著、塩川 洋介　監訳、佐藤 理絵子　訳,2012-08-18,524
Dustin Boswell、Trevor Foucher　著、角 征典　訳,2012-06-23,260
Lars George　著、Sky株式会社 玉川 竜司　訳,2012-07-25,584
吉岡 直人　編,2012-11-05,224
Josh Carter　著、長尾 高弘　訳,2012-08-22,260
David Flanagan　著、村上 列　訳,2012-08-10,840
瀬戸 直喜／株式会社ブリリアントサービス　著,2013-05-25,336
Norman Matloff　著、大橋 真也　監訳、木下 哲也　訳,2012-09-26,392
Jurg van Vliet、Flavia Paganelli、Steven van Wel、Dara Dowd　 著、玉川 憲　監修、Sky株式会社 玉川 竜司　訳,2012-09-20,348
Keir Thomas　著、武舎 広幸　訳,2012-10-24,352
Alasdair Allan　著、永井 勝則　訳,2012-10-20,424
"Sean Owen, Robin Anil, Ted Dunning, Ellen Friedman　著、伊東 直子、真鍋 加奈子、堀内 孝彦、都元 ダイスケ　訳",2012-10-26,448
Michael Kerrisk　著、千住 治郎　訳,2012-12-01,1604
Sveta Smirnova　著、豊福 剛　訳,2012-10-13,288
"Conrad Barski, M.D.　著、川合 史朗　訳",2013-02-23,512
Neil Gershenfeld　著、田中 浩也　監修、糸川 洋　訳,2012-12-01,264
Bill Karwin　著、和田 卓人、和田 省二　監訳、児島 修　訳,2013-01-26,352
Kyle Banker　著、Sky株式会社 玉川 竜司　訳,2012-12-14,380
アッシュ・マウリャ 著、角 征典　訳、渡辺 千賀　解説、エリック・リース　シリーズエディタ,2012-12-21,278
Maximiliano Firtman　著、白石 俊平　監訳、牧野 聡　訳,2013-01-19,288
Andreas Zeller　著、中田 秀基　監訳、今田 昌宏、大岩 尚宏、竹田 香苗、宮原 久美子、宗形 紗織　訳,2012-12-22,444
Drew Conway、John Myles White　著、萩原 正人、奥野 陽、水野 貴明、木下 哲也　訳,2012-12-22,344
Nicolas Collins　著、久保田 晃弘　監訳、船田 巧　訳,2013-01-26,352
Larry Ullman　著、永井 勝則　訳,2013-02-23,524
David Mark Clements　著、和田 祐一郎　訳,2013-02-23,380
Jan Erik Solem　著、相川 愛三　訳,2013-03-23,288
Lukas Mathis　著、武舎 広幸、武舎 るみ　訳,2013-04-17,332
David Griffiths、Dawn Griffiths　著、中田 秀基　監訳、木下 哲也　訳,2013-04-03,604
Nicholas C. Zakas　著、豊福 剛　訳,2013-03-06,256
Greg Borenstein　著、藤本 直明　監修、水原 文　訳,2013-03-26,456
James W. Grenning　著、蛸島 昭之　監訳、笹井 崇司　訳,2013-04-24,388
Sau Sheong Chang　著、瀬戸山 雅人、河内 崇、高野 雅典、橋本 吉治　訳,2013-04-26,284
Eric Lawrence　著、日本マイクロソフト株式会社 エバンジェリスト 物江 修　監訳、長尾 高弘　訳,2013-05-25,320
Edward Capriolo、Dean Wampler、Jason Rutherglen　著、Sky株式会社 玉川 竜司　訳,2013-06-15,424
Addy Osmani　著、豊福 剛、サイフォン合同会社　訳,2013-05-25,282
Dave Gray、Thomas Vander Wal　著、野村 恭彦　監訳、牧野 聡　訳,2013-07-20,318
Scott Rogers　著、塩川 洋介　監訳、佐藤 理絵子　訳,2013-08-17,392
Cody Lindley　著、和田 祐一郎　訳,2013-06-19,196
NPO法人IGDA日本　小野 憲史　編,2013-08-23,216
株式会社ブリリアントサービス　著,2013-11-30,280
Randal L. Schwartz、brian d foy、Tom Phoenix　著、伊藤 直也　監訳、長尾 高弘　訳,2013-08-21,432
Tom White　著、Sky株式会社 玉川 竜司、兼田 聖士　訳,2013-07-26,736
Brian W. Fitzpatrick、Ben Collins-Sussman　著、角 征典　訳,2013-07-20,228
Bas van Abel、Lucas Evers、Roel Klaassen、Peter Troxler　編、田中 浩也　監訳、川本 大功、巾嶋 良幸、古賀 稔章、水野 祐、岩倉 悠子、菊地 開司　訳,2013-08-24,380
平本 知樹、神田 沙織　著,2014-04-26,196
Robin Nixon　著、永井 勝則　訳,2013-08-21,604
Narasimha Karumanchi　著、黒川 利明、木下 哲也　訳,2013-08-24,554
Mark Ethan Trostler　著、牧野 聡　訳,2013-09-21,304
Natania Barron、Kathy Ceceri、Corrina Lawson、Jenny Wiliams　著、堀越 英美、星野 靖子　訳,2013-10-26,280
Baron Schwartz、Peter Zaitsev、Vadim Tkachenko　著、菊池 研自　監訳、株式会社クイープ　訳,2013-11-25,864
西澤 丞　写真,2013-11-12,112
Q. Ethan McCallum　著、磯 蘭水　監訳、笹井 崇司　訳,2013-09-26,310
Dave Taylor　著、酒井 皇治　訳,2013-10-26,312
Dimitri Aivaliotis　著、高橋 基信　訳,2013-10-26,244
Scott Murray　著、長尾 高弘　訳,2014-02-19,296
Jesse Cravens、Jeff Burtoft　著、出葉 義治　訳、大岩 尚宏　技術監修,2013-10-26,472
Ian Griffiths　著、鈴木 幸敏、風間 一洋、木村 英一、黒川 利明、頃末 和義、佐藤 嘉一、出葉 義治、西山 博泰、稲垣 達夫　訳,2013-11-29,768
Joseph Adler　著、大橋 真也、木下 哲也　訳,2014-01-25,860
Eric Sammer　著、Sky株式会社 玉川 竜司　訳,2013-11-27,352
Winston Chang　著、石井 弓美子、河内 崇、瀬戸山 雅人、古畠 敦　訳,2013-11-30,432
Richard Reese　著、菊池 彰　訳,2013-12-26,248
Susan Weinschenk　著、武舎 広幸、武舎 るみ　訳,2014-01-16,288
Addy Osmani　著、牧野 聡　訳,2014-02-07,372
Dan Saffer　著、武舎 広幸、武舎 るみ　訳,2014-03-19,240
Michael Fogus　著、和田 祐一郎　訳,2014-01-18,352
Evan Burchard　著、永井 勝則　訳,2014-03-22,356
Mitchell Hashimoto　著、Sky株式会社 玉川 竜司　訳,2014-02-21,248
Theodore Gray　著、高橋 信夫　訳,2014-03-25,188
Brad Green、Shyam Seshadri　著、牧野 聡　訳,2014-04-18,220
Kevin Tatroe、Peter MacIntyre、Rasmus Lerdorf　著、高木 正弘　訳,2014-03-25,416
Anany Levitin、Maria Levitin　著、黒川 洋、松崎 公紀　訳,2014-04-26,336
Mike Wolfson　著、長尾 高弘　訳,2014-04-23,260
Russell Jurney　著、Sky株式会社 玉川 竜司　訳,2014-04-25,236
Michael S. Mikowski、Josh C. Powell　著、佐藤 直生　監訳、木下 哲也　訳,2014-05-24,498
Matt Neuburg　著、武舎 広幸、阿部 和也、河村 政雄　訳,2014-06-21,400
Matt Neuburg　著、武舎 広幸、阿部 和也、河村 政雄、上西 昌弘、福地 太郎　訳,2014-12-19,752
Ilya Grigorik　著、和田 祐一郎／株式会社プログラミングシステム社　訳,2014-05-16,380
Chris Lefteri　著、田中 浩也　監訳、水原 文　訳,2014-05-24,300
プライム・ストラテジー株式会社　著,2015-04-25,204
Matthew A. Russell　著、佐藤 敏紀、瀬戸口 光宏、原川 浩一　監訳、長尾 高弘　訳,2014-06-21,460
Mark Hatch　著、金井 哲夫　訳,2014-07-24,268
Nicholas C. Zakas　著、和田 祐一郎　訳,2014-06-18,200
Josiah Lebowitz、Chris Klug　著、塩川 洋介　監訳、佐藤 理絵子　訳,2014-08-26,424
西尾泰和　著,2014-05-16,86
Philipp K. Janert　著、野原 勉　監訳、星 義克、米元 謙介　訳,2014-07-26,344
Foster Provost、Tom Fawcett　著、竹田 正和　監訳、古畠 敦、瀬戸山 雅人、大木 嘉人、藤野 賢祐、宗定 洋平、西谷 雅史、砂子 一徳、市川 正和、佐藤 正士　訳,2014-07-19,456
水野 貴明　著,2014-11-21,224
David Geary　著、永井 勝則　訳,2014-07-19,624
石本 敦夫　著,2014-09-18,332
Simon Marlow　著、山下 伸夫、山本 和彦、田中 英行　訳,2014-08-21,328
Peter Gasston　著、牧野 聡　訳,2014-09-10,284
Flavio Junqueira、Benjamin Reed　著、中田 秀基　訳,2014-10-08,240
Allen B. Downey　著、黒川 利明　著,2014-09-06,236
Satya Avasarala　著、Sky株式会社 玉川 竜司 　訳,2014-09-18,264
Matt Richardson　著、がじぇぴん 訳,2014-10-11,216
Tom Stuart　著、笹田 耕一　監訳、笹井 崇司　訳,2014-09-18,336
Willi Richert、Luis Pedro Coelho　著、斎藤 康毅　訳,2014-10-25,288
株式会社ブリリアントサービス　著,2015-01-23,224
Michael Collins　著、中田 秀基　監訳、木下 哲也　訳,2016-06-11,376
Rachel Schutt、Cathy O'Neil　著、瀬戸山 雅人、石井 弓美子、河内 崇、河内 真理子、古畠 敦、木下 哲也、竹田 正和、佐藤 正士、望月 啓充　訳,2014-10-25,452
かもめエンジニアリング株式会社　著,2015-05-22,324
Theresa Neil　著、深津 貴之　監訳、牧野 聡　訳,2015-02-12,416
Venkat Subramaniam　著、株式会社プログラミングシステム社　訳,2014-10-24,236
藤野 圭一　著,2014-12-26,460
Rakhitha Nimesh Ratnayake　著、プライム・ストラテジー株式会社　監訳、長尾 高弘　訳,2014-11-27,364
Michal Levin　著、青木 博信、大木 嘉人、笠原 俊一、瀬戸山 雅人、矢野 類子　訳,2014-12-25,388
宮下 剛輔　著,2015-01-17,248
Sarah Boslaugh　著、黒川 利明、木下 哲也、中山 智文、本藤 孝、樋口 匠　訳,2015-01-24,628
アリステア・クロール、ベンジャミン・ヨスコビッツ　著、角 征典　訳、林 千晶　解説、エリック・リース　シリーズエディタ,2015-01-24,400
Noam Nisan、Shimon Schocken　著、斎藤 康毅　訳,2015-03-25,416
Kevin Townsend、Carles Cufi;、Akiba、Robert Davidson　著、水原 文　訳,2015-02-25,200
Ian Robinson、Jim Webber、Emil Eifrem　著、佐藤 直生　監訳、木下 哲也　訳,2015-03-25,236
Garrett Grolemund　著、大橋 真也　監訳、長尾 高弘　訳,2015-03-25,276
Jordan Tigani、Siddartha Naidu　著、Sky株式会社 玉川 竜司　訳,2015-03-23,524
Charles E. Spurgeon、Joann Zimmerman　著、三浦 史光　監訳、豊沢 聡　訳,2015-06-10,536
Scott Oaks　著、Acroquest Technology株式会社　監訳、寺田 佳央　監訳、牧野 聡　訳,2015-04-11,448
Frankie Bagnardi、Jonathan Beebe、Richard Feldman、Tom Hallett、Simon Hojberg、Karl Mikkelsen　著、宮崎 空　訳,2015-04-03,280
Sylvia Libow Martinez、Gary Stager　著、阿部 和広　監修、酒匂 寛　訳,2015-03-25,400
シンディ・アルバレス　著、堤 孝志、飯野 将人　監訳、児島 修　訳、エリック・リース　シリーズエディタ,2015-04-25,296
ガブリエル・ワインバーグ、ジャスティン・メアーズ　著、和田 祐一郎　訳,2015-05-23,272
Stephen Voltz、Fritz Grobe　著、高橋 信夫　訳,2015-05-23,200
Khaled El Emam、Luk Arbuckle　著、木村 映善、魔 狸　監訳、笹井 崇司　訳,2015-05-23,272
Peter Gasston　著、牧野 聡　訳,2015-07-03,352
Karen Wilkinson、Mike Petrich　著、金井 哲夫　訳,2015-06-24,228
Kurt W. Smith　著、中田 秀基　監訳、長尾 高弘　訳,2015-06-19,268
Joe Kutner　著、Sky株式会社 玉川 竜司　訳,2015-07-23,296
Winifred Phillips　著、竹内 雅樹　監訳、宮崎 空　訳,2015-08-26,304
"Jeff Langr, Andy Hunt, Dave Thomas　著、牧野 聡　訳",2015-09-02,272
Justin Seitz　著、青木 一史、新井 悠、一瀬 小夜、岩村 誠、川古谷 裕平、星澤 裕二　訳,2015-10-24,256
Jeff Patton　著、川口 恭伸　監訳、長尾 高弘　訳,2015-07-25,368
Massimo Banzi、Michael Shiloh　著、船田 巧　訳,2015-11-28,260
Holden Karau、Andy Konwinski、Patrick Wendell、Matei Zaharia　著、Sky株式会社 玉川竜司　訳,2015-08-22,312
Allen B. Downey　著、黒川 利明、黒川 洋　訳,2015-08-19,272
Scott Meyers　著、千住 治郎　訳,2015-09-18,364
Bill Lubanovic　著、斎藤 康毅　監訳、長尾 高弘　訳,2015-12-01,600
Mark Summerfield　著、斎藤 康毅　訳,2015-12-01,372
Micha Gorelick、Ian Ozsvald　著、相川 愛三　訳,2015-11-20,360
Jeroen Janssens　著、太田 満久、下田 倫大、増田 泰彦　監訳、長尾 高弘　訳,2015-09-16,272
Dima Kovalenko　著、玉川 紘子、太田 健一郎　監訳、笹井 崇司　訳,2015-09-18,256
Paolo Perrotta　著、角 征典　訳,2015-10-10,292
石橋　崇司　著,2015-08-21,144
Stephen A. Thomas　著、古籏 一浩　監訳、木下 哲也　訳,2015-10-21,396
John Baichtal　編、野中 モモ　訳,2015-12-26,304
Cyrille Rossant　著、菊池 彰　訳,2015-12-25,508
Ed Burnette　著、あんざい ゆき　監訳、長尾 高弘　訳,2016-02-26,256
Sandy Ryza、Uri Laserson、Sean Owen、Josh Wills　著、石川 有　監訳、Sky株式会社 玉川 竜司　訳,2016-01-23,330
Ray Wilson　著、斉田 一樹／株式会社コルグ　監訳、小池 実、高橋 達也　訳,2017-03-18,180
Mat Ryer　著、鵜飼 文敏　監訳、牧野 聡　訳,2016-01-22,280
Guido van Rossum　著、鴨澤 眞夫　訳,2016-03-24,260
Jaime Levy　著、安藤 幸央　監訳、長尾 高弘　訳,2016-05-25,388
Lara Callender Hogan　著、西脇 靖紘　監訳、星野 靖子　訳,2016-06-25,236
Brett Slatkin　著、黒川 利明　訳、石本 敦夫　技術監修,2016-01-23,256
Jonathan Linowes　著、高橋 憲一、安藤 幸央、江川 崇、あんどうやすし　訳,2016-08-26,304
斎藤 康毅　著,2016-09-24,320
Hadley Wickham　著、瀬戸山 雅人、石井 弓美子、古畠 敦　訳,2016-02-05,232
Sam Newman　著、佐藤 直生　監訳、木下 哲也　訳,2016-02-26,344
Ryan Mitchell　著、黒川 利明　訳、嶋田 健志　技術監修,2016-03-18,272
Sandor Ellix Katz　著、水原 文　訳,2016-04-23,524
Marcus Hammarberg、Joakim Sunden　著、原田 騎郎、安井 力、吉羽 龍太郎、角 征典、高木 正弘　訳,2016-03-26,364
Lorin Hochstein　著、Sky株式会社 玉川 竜司　訳,2016-04-16,364
Lea Verou　著、牧野 聡　訳,2016-07-23,384
V. Anton Spraul　著、原 隆文　訳,2016-05-18,284
Amit Saha　著、黒川 利明　訳,2016-05-21,304
ローラ・ブッシェ 著、堤 孝志、飯野 将人 監訳、児島 修　訳、エリック・リース　シリーズエディタ,2016-08-26,356
Jos Dirksen 著、あんどうやすし訳,2016-07-23,416
Susan Weinschenk　著、武舎 広幸、武舎 るみ、阿部 和也　訳,2016-08-05,320
Louis Rosenfeld、Peter Morville、Jorge Arango　著、篠原 稔和　監訳、岡 真由美　訳,2016-11-18,540
Casey Reas、Ben Fry　著、船田 巧　訳,2016-09-07,284
ジェズ・ハンブル、ジョアンヌ・モレスキー、バリー・オライリー　著、角 征典　監訳、笹井 崇司　訳、エリック・リース　シリーズエディタ,2016-10-15,384
Nathan Marz、James Warren　著、伊藤 真浩、木下 哲也　訳,2016-08-24,384
Adrian Mouat　著、Sky株式会社 玉川 竜司　訳,2016-08-13,384
Philip N. Klein　著、松田 晃一、弓林 司、脇本 佑紀、中田 洋、齋藤 大吾　訳,2016-10-05,688
Al Sweigart　著、相川 愛三　訳,2017-06-03,616
Tom Greever　著、坂田一倫　監訳、武舎 広幸、武舎 るみ　訳,2016-09-16,332
Richard Banfield、C. Todd Lombardo、Trace Wax　著、安藤 幸央、佐藤 伸哉　監訳、牧野 聡　訳,2016-11-26,276
Peter Prinz、Tony Crawford　著、黒川 利明　訳、島 敏博　技術監修,2016-11-05,816
Ethan Brown　著、武舎 広幸、武舎 るみ　訳,2017-01-20,452
Manoj Hans　著、太田 健一郎　監訳、児島 修　訳,2016-11-26,204
George T. Heineman、Gary Pollice、Stanley Selkow　著、黒川 利明、黒川 洋　訳,2016-12-24,440
Joel Grus　著、菊池 彰　訳,2017-01-25,400
Jeff Potter　著、水原 文　訳,2016-12-24,504
Stoyan Stefanov　著、牧野 聡　訳,2017-03-11,248
小林 茂　著,2017-01-19,496
Brendan Gregg　著、西脇 靖紘　監訳、長尾 高弘　訳,2017-02-22,784
"Betsy Beyer, Chris Jones, Jennifer Petoff, Niall Richard Murphy　編、澤田 武男、関根 達夫、細川 一茂、矢吹 大輔　監訳、Sky株式会社 玉川 竜司　訳",2017-08-12,590
Kurt Guntheroth　著、黒川 利明　訳、島 敏博　技術監修,2017-02-22,368
David Sklar　著、桑村 潤、廣川 類　監訳、木下 哲也　訳,2017-03-18,364
Jacqueline Kazil、Katharine Jarmul　著、長尾 高弘　訳、嶋田 健志　技術監修,2017-04-26,516
Chris Dawson、 Ben Straub　著、池田 尚史　監訳、笹井 崇司　訳,2017-05-10,320
Kief Morris　著、宮下 剛輔　監訳、長尾 高弘　訳,2017-03-18,352
J. David Eisenberg、Amelia Bellamy-Royds　著、原 隆文　訳,2017-05-17,432
Andreas C. Muller、Sarah Guido　著、中田 秀基　訳,2017-05-25,392
Diomidis Spinellis　著、黒川 利明　訳、大岩 尚宏　技術監修,2017-06-24,252
James Kalbach　著、武舎 広幸、武舎 るみ　訳,2018-01-30,370
Roy Osherove　著、島田 浩二　訳,2017-05-13,288
Derek Diedricksen　著、金井 哲夫　訳,2017-05-26,260
渋川 よしき　著,2017-06-14,360
ジェフ・ゴーセルフ、ジョシュ・セイデン 著、坂田 一倫　 監訳、児島 修　 訳、エリック・リース シリーズエディタ,2017-07-04,256
Ben Rady　著、吉田 真吾　監訳、笹井 崇司　訳,2017-06-23,232
Jason Strimpel、Maxime Najim　著、牧野 聡　訳,2017-07-04,256
Kyran Dale　著、嶋田 健志　監訳、木下 哲也　訳,2017-08-25,500
Morgan Quigley、Brian Gerkey、William D. Smart　著、河田 卓志　監訳、松田 晃一、福地 正樹、由谷 哲夫　訳,2017-12-13,480
Micheal Lanham　著、高橋 憲一、あんどうやすし、江川 崇、安藤 幸央　訳,2017-09-02,344
Simon Monk　著、水原 文　訳,2017-08-25,448
Dale Dougherty、Ariane Conrad　著、金井 哲夫　訳,2017-08-12,416
スイッチエデュケーション編集部　著,2017-11-25,188
Hadley Wickham、Garrett Grolemund　著、黒川 利明　訳、大橋 真也　技術監修,2017-10-25,480
Susan J. Fowler　著、佐藤 直生　監訳、長尾 高弘　訳,2017-09-13,216
Jonathan Rasmusson　著、玉川 紘子　訳,2017-09-21,288
Luciano Ramalho　著、豊沢 聡、桑井 博之　監訳、梶原 玲子　訳,2017-10-07,832
Tomasz Drabas、Denny Lee　著、Sky株式会社 玉川 竜司　訳,2017-11-22,328
清水川貴之、小宮健、山田剛、若山史郎　著,2017-10-22,182
Pete Goodliffe　著、柴田 芳樹　訳,2017-12-15,376
Thorsten Ball　著、設樂 洋爾　訳,2018-06-16,316
Craig Smith　著、井上 博之　監修、自動車ハッククラブ　訳,2017-12-22,312
Randal L. Schwartz、brian d foy、Tom Phoenix　著、近藤 嘉雪、嶋田 健志　訳,2018-01-20,408
有賀 康顕、中山 心太、西林 孝　著,2018-01-16,248
Antonio Gulli、Sujit Pal　著、大串 正矢 、久保 隆宏、中山 光樹　訳,2018-08-11,336
Forrest M. Mims III　著、斉田 一樹　監訳、鈴木 英倫子　訳,2018-02-24,192
Peter Bruce、Andrew Bruce　著、黒川 利明　訳、大橋 真也　技術監修,2018-02-24,348
Paul Barry　著、嶋田 健志　監訳、木下 哲也　訳,2018-03-24,624
"Julia Silge, David Robinson　著、大橋 真也　監訳、長尾 高弘　訳",2018-05-18,228
Matt Richardson、Shawn Wallace　著、水原 文　訳,2018-03-16,200
Nikhil Buduma　著、太田 満久、藤原 秀平　監訳、牧野 聡　訳,2018-04-26,336
Aurélien Géron　著、下田 倫大　監訳、長尾 高弘　訳,2018-04-26,568
Jennifer Davis、Ryn Daniels　著、吉羽 龍太郎　監訳、長尾 高弘　訳,2018-03-24,376
斎藤 康毅　著,2018-07-21,432
"Adrian Kaehler, Gary Bradski　著、松田 晃一、小沼 千絵、永田 雅人、花形 理　訳",2018-05-26,992
Jeff Bollinger、Brandon Enright、Matthew Valites　著、飯島 卓也、小川 梢、柴田 亮、山田 正浩　監訳、谷崎 朋子　訳,2018-05-19,272
Joshua Glenn、Elizabeth Foy Larsen　著、大網 拓真、渡辺 圭介　訳,2018-05-26,348
Kelsey Hightower、Brendan Burns、Joe Beda　著、松浦 隼人　訳,2018-03-22,248
Jake VanderPlas　著、菊池 彰　訳,2018-05-26,556
カシオ計算機株式会社　監修、株式会社Surface&Architecture　編,2018-07-26,236
Jeremy Kubica　著、鈴木 幸敏　訳,2018-06-20,268
Chris Sanders　著、髙橋 基信、宮本 久仁男　監訳、岡 真由美　訳,2018-06-16,424
Wes McKinney　著、瀬戸山 雅人、小林 儀匡、滝口 開資　訳,2018-07-26,596
Katherine Cox-Buday　著、山口 能迪　訳,2018-10-26,256
岡 瑞起、池上 高志、ドミニク・チェン、青木 竜太、丸山 典宏　著,2018-07-28,224
Camille Fournier　著、武舎 広幸、武舎 るみ　訳、及川 卓也　まえがき,2018-09-26,312
Neha Narkhede、Gwen Shapira、Todd Palino　著、上岡 真也　監訳、笹井 崇司　訳,2018-08-03,312
Jon Manning、Paris Buttfield-Addison　著、鈴木 久貴、あんどうやすし、江川 崇、安藤 幸央、高橋 憲一　訳,2018-08-24,392
Srini Devadas　著、黒川 利明　訳,2018-09-22,288
Marc de Vinck　著、テクノ手芸部　監訳、鈴木 英倫子　訳,2018-08-10,156
Jim Blandy、Jason Orendorff　著、中田 秀基　訳,2018-08-10,608
Neal Ford、Rebecca Parsons、Patrick Kua　著、島田 浩二　訳,2018-08-18,240
François Chollet、J. J. Allaire　著、瀬戸山 雅人　監訳、長尾 高弘　訳,2018-10-12,400
