No,Title,Link
1,Javaネットワークプログラミング 第2版,https://www.oreilly.co.jp/books/4873110610/
2,C++プログラミング入門 新版,https://www.oreilly.co.jp/books/4873110637/
3,サーバ負荷分散技術,https://www.oreilly.co.jp/books/4873110653/
4,NFS & NIS 第2版,https://www.oreilly.co.jp/books/4873110785/
5,不正アクセス調査ガイド,https://www.oreilly.co.jp/books/4873110793/
6,入門 vi 第6版,https://www.oreilly.co.jp/books/4873110831/
7,入門 SNMP,https://www.oreilly.co.jp/books/4873110904/
8,ワイヤレスコミュニティネットワーク,https://www.oreilly.co.jp/books/4873110939/
9,プログラミングPerl 第3版 VOLUME 1,https://www.oreilly.co.jp/books/4873110963/
10,プログラミングPerl 第3版 VOLUME 2,https://www.oreilly.co.jp/books/4873110971/
11,SAN & NAS ストレージネットワーク管理,https://www.oreilly.co.jp/books/4873110998/
12,詳解 Javaプログラミング 第2版 VOLUME 1,https://www.oreilly.co.jp/books/487311117X/
13,UNIXシステム管理 第3版 VOLUME 1,https://www.oreilly.co.jp/books/4873111382/
14,RADIUS,https://www.oreilly.co.jp/books/4873111471/
15,C++実践プログラミング 第2版,https://www.oreilly.co.jp/books/487311148X/
16,Apacheハンドブック 第3版,https://www.oreilly.co.jp/books/4873111501/
17,Linuxサーバ Hacks,https://www.oreilly.co.jp/books/487311151X/
18,UMLデスクトップリファレンス,https://www.oreilly.co.jp/books/4873111544/
19,実用 CVS,https://www.oreilly.co.jp/books/4873111641/
20,Excelポケットガイド,https://www.oreilly.co.jp/books/4873111714/
21,Spidering Hacks,https://www.oreilly.co.jp/books/4873111870/
22,Postfix 実用ガイド,https://www.oreilly.co.jp/books/4873111951/
23,C++ ライブラリ クイックリファレンス,https://www.oreilly.co.jp/books/487311196X/
24,JavaServer Faces完全ガイド,https://www.oreilly.co.jp/books/4873111978/
25,実践 ネットワークセキュリティ監査,https://www.oreilly.co.jp/books/4873112044/
26,Hibernate,https://www.oreilly.co.jp/books/487311215X/
27,ゲーム開発者のためのAI入門,https://www.oreilly.co.jp/books/4873112168/
28,PDF Hacks,https://www.oreilly.co.jp/books/4873112222/
29,Windowsサーバー Hacks,https://www.oreilly.co.jp/books/4873112265/
30,Knoppix Hacks,https://www.oreilly.co.jp/books/4873112281/
31,CSS完全ガイド 第2版,https://www.oreilly.co.jp/books/487311232X/
32,Flash Hacks,https://www.oreilly.co.jp/books/4873112354/
33,Linuxハンドブック,https://www.oreilly.co.jp/books/4873112370/
34,Word Hacks,https://www.oreilly.co.jp/books/4873112389/
35,レボリューション・イン・ザ・バレー,https://www.oreilly.co.jp/books/4873112451/
36,GDBハンドブック,https://www.oreilly.co.jp/books/487311246X/
37,Head Firstデザインパターン,https://www.oreilly.co.jp/books/4873112494/
38,Linuxデスクトップ Hacks ,https://www.oreilly.co.jp/books/4873112516/
39,MySQLクイックリファレンス,https://www.oreilly.co.jp/books/4873112524/
40,Linuxデバイスドライバ 第3版,https://www.oreilly.co.jp/books/4873112532/
41,入門 bash 第3版,https://www.oreilly.co.jp/books/4873112540/
42,「おもしろい」のゲームデザイン,https://www.oreilly.co.jp/books/4873112559/
43,Apacheセキュリティ,https://www.oreilly.co.jp/books/4873112567/
44,Ant 第2版,https://www.oreilly.co.jp/books/4873112656/
45,Podcasting Hacks,https://www.oreilly.co.jp/books/4873112664/
46,詳解 シェルスクリプト,https://www.oreilly.co.jp/books/4873112672/
47,GNU Make 第3版,https://www.oreilly.co.jp/books/4873112699/
48,Maven,https://www.oreilly.co.jp/books/4873112702/
49,Mind Hacks,https://www.oreilly.co.jp/books/4873112710/
50,プレファクタリング,https://www.oreilly.co.jp/books/4873112729/
51,Jakarta Strutsクックブック,https://www.oreilly.co.jp/books/4873112737/
52,データベース実践講義,https://www.oreilly.co.jp/books/4873112753/
53,Head First Java 第2版,https://www.oreilly.co.jp/books/4873112796/
54,実用 Perlプログラミング 第2版,https://www.oreilly.co.jp/books/487311280X/
55,初めてのSQL,https://www.oreilly.co.jp/books/4873112818/
56,入門 Webマッピング,https://www.oreilly.co.jp/books/4873112826/
57,アンビエント・ファインダビリティ,https://www.oreilly.co.jp/books/4873112834/
58,UML 2.0クイックリファレンス,https://www.oreilly.co.jp/books/4873112842/
59,Windowsサーバークックブック,https://www.oreilly.co.jp/books/4873112850/
60,入門 PHPセキュリティ,https://www.oreilly.co.jp/books/4873112869/
61,実用SSH 第2版,https://www.oreilly.co.jp/books/4873112877/
62,Binary Hacks,https://www.oreilly.co.jp/books/4873112885/
63,Asterisk,https://www.oreilly.co.jp/books/4873112893/
64,詳説 ビジネスプロセスモデリング,https://www.oreilly.co.jp/books/4873112907/
65,PHP Hacks,https://www.oreilly.co.jp/books/4873112915/
66,初めてのC# 第2版,https://www.oreilly.co.jp/books/487311294X/
67,Make: Technology on Your Time Volume 01,https://www.oreilly.co.jp/books/4873112982/
68,アート・オブ・プロジェクトマネジメント,https://www.oreilly.co.jp/books/4873112990/
69,Perlベストプラクティス,https://www.oreilly.co.jp/books/4873113008/
70,Web解析Hacks,https://www.oreilly.co.jp/books/4873113024/
71,C++クックブック,https://www.oreilly.co.jp/books/4873113032/
72,Linuxサーバ Hacks 2,https://www.oreilly.co.jp/books/4873113067/
73,エンジニアのための時間管理術,https://www.oreilly.co.jp/books/4873113075/
74,802.11無線ネットワーク管理 第2版,https://www.oreilly.co.jp/books/4873113083/
75,WSHクイックリファレンス 第2版,https://www.oreilly.co.jp/books/4873113091/
76,Head Rush Ajax,https://www.oreilly.co.jp/books/4873113105/
77,スケーラブルWebサイト,https://www.oreilly.co.jp/books/4873113113/
78,Railsレシピ,https://www.oreilly.co.jp/books/4873113121/
79,sed & awkプログラミング 改訂版,https://www.oreilly.co.jp/books/4900900583/
80,make 改訂版,https://www.oreilly.co.jp/books/4900900605/
81,C実践プログラミング 第3版,https://www.oreilly.co.jp/books/4900900648/
82,Pthreadsプログラミング,https://www.oreilly.co.jp/books/4900900664/
83,Python クックブック 第2版,https://www.oreilly.co.jp/books/9784873112763/
84,入門 GNU Emacs 第3版,https://www.oreilly.co.jp/books/9784873112770/
85,詳解 Linuxカーネル 第3版,https://www.oreilly.co.jp/books/9784873113135/
86,SQLクックブック,https://www.oreilly.co.jp/books/9784873113159/
87,入門 UML 2.0,https://www.oreilly.co.jp/books/9784873113173/
88,Make: Technology on Your Time Volume 02,https://www.oreilly.co.jp/books/9784873113180/
89,Google Hacks 第3版,https://www.oreilly.co.jp/books/9784873113210/
90,Ajaxデザインパターン,https://www.oreilly.co.jp/books/9784873113234/
91,Rubyクックブック,https://www.oreilly.co.jp/books/9784873113241/
92,CとGNU開発ツールによる組み込みシステムプログラミング 第2版,https://www.oreilly.co.jp/books/9784873113265/
93,ネットワークセキュリティHacks 第2版,https://www.oreilly.co.jp/books/9784873113272/
94,IPv6 エッセンシャルズ 第2版,https://www.oreilly.co.jp/books/9784873113289/
95,Linuxカーネル クイックリファレンス,https://www.oreilly.co.jp/books/9784873113302/
96,SQL Hacks,https://www.oreilly.co.jp/books/9784873113319/
97,Ajax on Rails,https://www.oreilly.co.jp/books/9784873113326/
98,Ajax & Java,https://www.oreilly.co.jp/books/9784873113333/
99,エンタープライズSOA,https://www.oreilly.co.jp/books/9784873113340/
100,Statistics Hacks,https://www.oreilly.co.jp/books/9784873113357/
101,アート・オブ・SQL,https://www.oreilly.co.jp/books/9784873113364/
102,Mind パフォーマンス Hacks,https://www.oreilly.co.jp/books/9784873113371/
103,Make: Technology on Your Time Volume 03,https://www.oreilly.co.jp/books/9784873113388/
104,実例で学ぶゲームAIプログラミング,https://www.oreilly.co.jp/books/9784873113395/
105,Google Maps Hacks 第2版,https://www.oreilly.co.jp/books/9784873113418/
106,詳解 MySQL,https://www.oreilly.co.jp/books/9784873113432/
107,入門 Qt 4プログラミング,https://www.oreilly.co.jp/books/9784873113449/
108,イノベーションの神話,https://www.oreilly.co.jp/books/9784873113456/
109,Linuxシステム管理,https://www.oreilly.co.jp/books/9784873113463/
110,Excel Hacks 第2版,https://www.oreilly.co.jp/books/9784873113470/
111,プログラミングGauche,https://www.oreilly.co.jp/books/9784873113487/
112,Head Firstオブジェクト指向分析設計,https://www.oreilly.co.jp/books/9784873113494/
113,初めてのFlash Video,https://www.oreilly.co.jp/books/9784873113524/
114,RESTful Webサービス,https://www.oreilly.co.jp/books/9784873113531/
115,ネットワークウォリア,https://www.oreilly.co.jp/books/9784873113548/
116,インテル スレッディング・ビルディング・ブロック,https://www.oreilly.co.jp/books/9784873113555/
117,Rubyスクリプティングテクニック,https://www.oreilly.co.jp/books/9784873113562/
118,Core Memory,https://www.oreilly.co.jp/books/9784873113579/
119,Ajaxアプリケーション & Webセキュリティ,https://www.oreilly.co.jp/books/9784873113586/
120,詳説 正規表現 第3版,https://www.oreilly.co.jp/books/9784873113593/
121,Make: Technology on Your Time Volume 04,https://www.oreilly.co.jp/books/9784873113609/
122,ハイパフォーマンスWebサイト,https://www.oreilly.co.jp/books/9784873113616/
123,Linuxシステムプログラミング,https://www.oreilly.co.jp/books/9784873113623/
124,ビューティフルコード,https://www.oreilly.co.jp/books/9784873113630/
125,集合知プログラミング,https://www.oreilly.co.jp/books/9784873113647/
126,初めてのPHP & MySQL 第2版,https://www.oreilly.co.jp/books/9784873113654/
127,インターフェイス指向設計,https://www.oreilly.co.jp/books/9784873113661/
128,初めてのRuby,https://www.oreilly.co.jp/books/9784873113678/
129,Head First SQL,https://www.oreilly.co.jp/books/9784873113692/
130,JavaScript & DHTMLクックブック 第2版,https://www.oreilly.co.jp/books/9784873113708/
131,初めてのActionScript 3.0,https://www.oreilly.co.jp/books/9784873113715/
132,Prototype & script.aculo.us,https://www.oreilly.co.jp/books/9784873113722/
133,Head First JavaScript,https://www.oreilly.co.jp/books/9784873113739/
134,C#クックブック 第3版,https://www.oreilly.co.jp/books/9784873113746/
135,bashクックブック,https://www.oreilly.co.jp/books/9784873113760/
136,実例で学ぶゲーム3D数学,https://www.oreilly.co.jp/books/9784873113777/
137,ビジュアライジング・データ,https://www.oreilly.co.jp/books/9784873113784/
138,Make: Technology on Your Time Volume 05,https://www.oreilly.co.jp/books/9784873113791/
139,Apacheクックブック 第2版,https://www.oreilly.co.jp/books/9784873113814/
140,Windows PowerShellクックブック,https://www.oreilly.co.jp/books/9784873113821/
141,Head First C#,https://www.oreilly.co.jp/books/9784873113838/
142,Making Things Talk,https://www.oreilly.co.jp/books/9784873113845/
143,Subject To Change,https://www.oreilly.co.jp/books/9784873113852/
144,実践 Rails,https://www.oreilly.co.jp/books/9784873113869/
145,詳説 ActionScript 3.0,https://www.oreilly.co.jp/books/9784873113876/
146,Tomcatハンドブック 第2版,https://www.oreilly.co.jp/books/9784873113883/
147,ThoughtWorksアンソロジー,https://www.oreilly.co.jp/books/9784873113890/
148,DNS & BIND 第5版,https://www.oreilly.co.jp/books/9784873113906/
149,JavaScript: The Good Parts,https://www.oreilly.co.jp/books/9784873113913/
150,Head Firstソフトウェア開発,https://www.oreilly.co.jp/books/9784873113920/
151,初めてのPython 第3版,https://www.oreilly.co.jp/books/9784873113937/
152,プログラミング言語 Ruby,https://www.oreilly.co.jp/books/9784873113944/
153,アート・オブ・アジャイル デベロップメント,https://www.oreilly.co.jp/books/9784873113951/
154,マスタリングPerl,https://www.oreilly.co.jp/books/9784873113975/
155,キャパシティプランニング,https://www.oreilly.co.jp/books/9784873113999/
156,Railsデプロイ,https://www.oreilly.co.jp/books/9784873114002/
157,Make: Technology on Your Time Volume 06,https://www.oreilly.co.jp/books/9784873114019/
158,プロダクティブ・プログラマ,https://www.oreilly.co.jp/books/9784873114026/
159,リファクタリング・ウェットウェア,https://www.oreilly.co.jp/books/9784873114033/
160,Debug Hacks,https://www.oreilly.co.jp/books/9784873114040/
161,エレガントな問題解決,https://www.oreilly.co.jp/books/9784873114057/
162,実践 デバッグ技法,https://www.oreilly.co.jp/books/9784873114064/
163,デザイニング・ウェブナビゲーション,https://www.oreilly.co.jp/books/9784873114101/
164,Make: Technology on Your Time Volume 07,https://www.oreilly.co.jp/books/9784873114118/
165,オープンソースソフトウェアの育て方,https://www.oreilly.co.jp/books/9784873114125/
166,実用 Subversion 第2版,https://www.oreilly.co.jp/books/9784873114149/
167,エンタープライズ Rails,https://www.oreilly.co.jp/books/9784873114163/
168,iPhone SDK アプリケーション開発ガイド,https://www.oreilly.co.jp/books/9784873114170/
169,「ヒットする」のゲームデザイン,https://www.oreilly.co.jp/books/9784873114187/
170,Silverlightで開発するデータ駆動アプリケーション,https://www.oreilly.co.jp/books/9784873114194/
171,Head First Statistics,https://www.oreilly.co.jp/books/9784873114200/
172,Make: Technology on Your Time Volume 08,https://www.oreilly.co.jp/books/9784873114217/
173,組み込みLinuxシステム構築 第2版,https://www.oreilly.co.jp/books/9784873114224/
174,Real World Haskell,https://www.oreilly.co.jp/books/9784873114231/
175,ソフトウェアアーキテクトが知るべき97のこと,https://www.oreilly.co.jp/books/9784873114293/
176,ビューティフルアーキテクチャ,https://www.oreilly.co.jp/books/9784873114309/
177,オプティマイジングWebサイト,https://www.oreilly.co.jp/books/9784873114316/
178,ウェブアプリケーションのためのユニバーサルデザイン,https://www.oreilly.co.jp/books/9784873114323/
179,Make: Technology on Your Time Volume 09,https://www.oreilly.co.jp/books/9784873114330/
180,デザイニング・ウェブインターフェース,https://www.oreilly.co.jp/books/9784873114347/
181,並行コンピューティング技法,https://www.oreilly.co.jp/books/9784873114354/
182,詳解 ActionScript 3.0アニメーション,https://www.oreilly.co.jp/books/9784873114378/
183,Head First Rails,https://www.oreilly.co.jp/books/9784873114385/
184,実用Git,https://www.oreilly.co.jp/books/9784873114408/
185,Head Firstネットワーク,https://www.oreilly.co.jp/books/9784873114439/
186,Head First PHP & MySQL,https://www.oreilly.co.jp/books/9784873114446/
187,Rubyベストプラクティス,https://www.oreilly.co.jp/books/9784873114453/
188,続・ハイパフォーマンスWebサイト,https://www.oreilly.co.jp/books/9784873114460/
189,マスタリングXMPP,https://www.oreilly.co.jp/books/9784873114477/
190,リバースエンジニアリング,https://www.oreilly.co.jp/books/9784873114484/
191,デコンパイリングJava,https://www.oreilly.co.jp/books/9784873114491/
192,正規表現クックブック,https://www.oreilly.co.jp/books/9784873114507/
193,セキュリティの神話,https://www.oreilly.co.jp/books/9784873114514/
194,セマンティックWeb プログラミング,https://www.oreilly.co.jp/books/9784873114521/
195,Mad Science,https://www.oreilly.co.jp/books/9784873114545/
196,アナライジング・マルウェア,https://www.oreilly.co.jp/books/9784873114552/
197,Android Hacks,https://www.oreilly.co.jp/books/9784873114569/
198,Make: Technology on Your Time Volume 10,https://www.oreilly.co.jp/books/9784873114576/
199,クラウド セキュリティ & プライバシー,https://www.oreilly.co.jp/books/9784873114583/
200,ビューティフルセキュリティ,https://www.oreilly.co.jp/books/9784873114590/
201,アプレンティスシップ・パターン,https://www.oreilly.co.jp/books/9784873114606/
202,iPhoneアプリケーション開発ガイド,https://www.oreilly.co.jp/books/9784873114613/
203,iPhone/iPadゲーム開発ガイド,https://www.oreilly.co.jp/books/9784873114620/
204,初めてのコンピュータサイエンス,https://www.oreilly.co.jp/books/9784873114637/
205,Head Firstデータ解析,https://www.oreilly.co.jp/books/9784873114644/
206,Erlangプログラミング,https://www.oreilly.co.jp/books/9784873114651/
207,プログラミングF#,https://www.oreilly.co.jp/books/9784873114668/
208,JavaによるRESTfulシステム構築,https://www.oreilly.co.jp/books/9784873114675/
209,jQueryクックブック,https://www.oreilly.co.jp/books/9784873114682/
210,初めてのプログラミング 第2版,https://www.oreilly.co.jp/books/9784873114699/
211,入門 自然言語処理,https://www.oreilly.co.jp/books/9784873114705/
212,言語設計者たちが考えること,https://www.oreilly.co.jp/books/9784873114712/
213,iOS SDK Hacks,https://www.oreilly.co.jp/books/9784873114729/
214,パブリックスピーカーの告白,https://www.oreilly.co.jp/books/9784873114736/
215,ビューティフルテスティング,https://www.oreilly.co.jp/books/9784873114743/
216,プログラミングGoogle App Engine,https://www.oreilly.co.jp/books/9784873114750/
217,検索と発見のためのデザイン,https://www.oreilly.co.jp/books/9784873114767/
218,Make: Electronics,https://www.oreilly.co.jp/books/9784873114774/
219,PHP: The Good Parts,https://www.oreilly.co.jp/books/9784873114781/
220,プログラマが知るべき97のこと,https://www.oreilly.co.jp/books/9784873114798/
221,プログラミング Windows Azure,https://www.oreilly.co.jp/books/9784873114804/
222,プログラミングScala,https://www.oreilly.co.jp/books/9784873114811/
223,入門 HTML5,https://www.oreilly.co.jp/books/9784873114828/
224,Mathematicaクックブック,https://www.oreilly.co.jp/books/9784873114835/
225,iPhone 3Dプログラミング,https://www.oreilly.co.jp/books/9784873114842/
226,Androidアプリケーション開発ガイド,https://www.oreilly.co.jp/books/9784873114866/
227,Java: The Good Parts,https://www.oreilly.co.jp/books/9784873114873/
228,JavaScriptパターン,https://www.oreilly.co.jp/books/9784873114880/
229,ビューティフルデータ,https://www.oreilly.co.jp/books/9784873114897/
230,ハイパフォーマンスJavaScript,https://www.oreilly.co.jp/books/9784873114903/
231,Make: Technology on Your Time Volume 11,https://www.oreilly.co.jp/books/9784873114910/
232,大規模Webアプリケーション開発入門,https://www.oreilly.co.jp/books/9784873114927/
233,ウェブオペレーション,https://www.oreilly.co.jp/books/9784873114934/
234,JavaScriptクックブック,https://www.oreilly.co.jp/books/9784873114941/
235,アート・オブ・コミュニティ,https://www.oreilly.co.jp/books/9784873114958/
236,初めてのOpenGL ES,https://www.oreilly.co.jp/books/9784873114965/
237,Firefox Hacks Rebooted,https://www.oreilly.co.jp/books/9784873114972/
238,子どもが体験するべき50の危険なこと,https://www.oreilly.co.jp/books/9784873114989/
239,Being Geek,https://www.oreilly.co.jp/books/9784873114996/
240,Made by Hand,https://www.oreilly.co.jp/books/9784873115009/
241,Linuxカーネル Hacks,https://www.oreilly.co.jp/books/9784873115016/
242,iPhoneアプリ設計の極意,https://www.oreilly.co.jp/books/9784873115023/
243,ビューティフルビジュアライゼーション,https://www.oreilly.co.jp/books/9784873115047/
244,ゲームストーミング,https://www.oreilly.co.jp/books/9784873115054/
245,Unityによる3Dゲーム開発入門,https://www.oreilly.co.jp/books/9784873115061/
246,実践 Qt 4プログラミング,https://www.oreilly.co.jp/books/9784873115078/
247,Enterprise JavaBeans 3.1 第6版,https://www.oreilly.co.jp/books/9784873115085/
248,プロジェクト・マネジャーが知るべき97のこと,https://www.oreilly.co.jp/books/9784873115108/
249,Making Software,https://www.oreilly.co.jp/books/9784873115115/
250,Hadoop MapReduce デザインパターン,https://www.oreilly.co.jp/books/9784873115122/
251,Hacking：美しき策謀 第2版,https://www.oreilly.co.jp/books/9784873115146/
252,マーカス・チャウンの太陽系図鑑,https://www.oreilly.co.jp/books/9784873115160/
253,jQuery Mobile,https://www.oreilly.co.jp/books/9784873115269/
254,HTML5 Canvas,https://www.oreilly.co.jp/books/9784873115276/
255,JavaScriptグラフィックス,https://www.oreilly.co.jp/books/9784873115283/
256,Cassandra,https://www.oreilly.co.jp/books/9784873115290/
257,XBeeで作るワイヤレスセンサーネットワーク,https://www.oreilly.co.jp/books/9784873115306/
258,デザイニング・インターフェース 第2版,https://www.oreilly.co.jp/books/9784873115313/
259,言語実装パターン,https://www.oreilly.co.jp/books/9784873115320/
260,Rクックブック,https://www.oreilly.co.jp/books/9784873115337/
261,Jenkins,https://www.oreilly.co.jp/books/9784873115344/
262,プログラミングAndroid,https://www.oreilly.co.jp/books/9784873115351/
263,Making Things Move,https://www.oreilly.co.jp/books/9784873115368/
264,実践 Metasploit,https://www.oreilly.co.jp/books/9784873115382/
265,Python & AWS クックブック,https://www.oreilly.co.jp/books/9784873115436/
266,Hadoop Hacks,https://www.oreilly.co.jp/books/9784873115467/
267,HTML5クックブック,https://www.oreilly.co.jp/books/9784873115474/
268,実践 スマートフォンアプリケーション開発,https://www.oreilly.co.jp/books/9784873115481/
269,PDF構造解説,https://www.oreilly.co.jp/books/9784873115498/
270,JavaScriptリファレンス 第6版,https://www.oreilly.co.jp/books/9784873115535/
271,ステートフルJavaScript,https://www.oreilly.co.jp/books/9784873115542/
272,FabLife,https://www.oreilly.co.jp/books/9784873115559/
273,Make: Technology on Your Time Volume 12,https://www.oreilly.co.jp/books/9784873115566/
274,インタフェースデザインの心理学,https://www.oreilly.co.jp/books/9784873115573/
275,「レベルアップ」のゲームデザイン,https://www.oreilly.co.jp/books/9784873115634/
276,リーダブルコード,https://www.oreilly.co.jp/books/9784873115658/
277,HBase,https://www.oreilly.co.jp/books/9784873115665/
278,ゲームクリエイターが知るべき97のこと,https://www.oreilly.co.jp/books/9784873115702/
279,プログラマのためのサバイバルマニュアル,https://www.oreilly.co.jp/books/9784873115719/
280,JavaScript 第6版,https://www.oreilly.co.jp/books/9784873115733/
281,入門 Androidアプリケーションテスト,https://www.oreilly.co.jp/books/9784873115788/
282,アート・オブ・Rプログラミング,https://www.oreilly.co.jp/books/9784873115795/
283,Amazon Web Servicesプログラミング,https://www.oreilly.co.jp/books/9784873115818/
284,カンフーマック,https://www.oreilly.co.jp/books/9784873115825/
285,初めてのiOSプログラミング 第2版,https://www.oreilly.co.jp/books/9784873115832/
286,Mahoutイン・アクション,https://www.oreilly.co.jp/books/9784873115849/
287,Linuxプログラミングインタフェース,https://www.oreilly.co.jp/books/9784873115856/
288,MySQLトラブルシューティング,https://www.oreilly.co.jp/books/9784873115863/
289,Land of Lisp,https://www.oreilly.co.jp/books/9784873115870/
290,Fab,https://www.oreilly.co.jp/books/9784873115887/
291,SQLアンチパターン,https://www.oreilly.co.jp/books/9784873115894/
292,MongoDBイン・アクション,https://www.oreilly.co.jp/books/9784873115900/
293,Running Lean,https://www.oreilly.co.jp/books/9784873115917/
294,実践 jQuery Mobile,https://www.oreilly.co.jp/books/9784873115924/
295,デバッグの理論と実践,https://www.oreilly.co.jp/books/9784873115931/
296,入門 機械学習,https://www.oreilly.co.jp/books/9784873115948/
297,Handmade Electronic Music,https://www.oreilly.co.jp/books/9784873115955/
298,入門 モダンJavaScript,https://www.oreilly.co.jp/books/9784873116051/
299,Nodeクックブック,https://www.oreilly.co.jp/books/9784873116068/
300,実践 コンピュータビジョン,https://www.oreilly.co.jp/books/9784873116075/
301,インタフェースデザインの実践教室,https://www.oreilly.co.jp/books/9784873116082/
302,Head First C,https://www.oreilly.co.jp/books/9784873116099/
303,メンテナブルJavaScript,https://www.oreilly.co.jp/books/9784873116105/
304,Making Things See,https://www.oreilly.co.jp/books/9784873116112/
305,テスト駆動開発による組み込みプログラミング,https://www.oreilly.co.jp/books/9784873116143/
306,RとRubyによるデータ解析入門,https://www.oreilly.co.jp/books/9784873116150/
307,実践 Fiddler,https://www.oreilly.co.jp/books/9784873116167/
308,プログラミング Hive,https://www.oreilly.co.jp/books/9784873116174/
309,JavaScriptデザインパターン,https://www.oreilly.co.jp/books/9784873116181/
310,コネクト,https://www.oreilly.co.jp/books/9784873116198/
311,「タッチパネル」のゲームデザイン,https://www.oreilly.co.jp/books/9784873116204/
312,開眼！ JavaScript,https://www.oreilly.co.jp/books/9784873116211/
313,ゲームクリエイターが知るべき97のこと 2,https://www.oreilly.co.jp/books/9784873116228/
314,NFC Hacks,https://www.oreilly.co.jp/books/9784873116242/
315,続・初めてのPerl 改訂第2版,https://www.oreilly.co.jp/books/9784873116280/
316,Hadoop 第3版,https://www.oreilly.co.jp/books/9784873116297/
317,Team Geek,https://www.oreilly.co.jp/books/9784873116303/
318,オープンデザイン,https://www.oreilly.co.jp/books/9784873116310/
319,3D Printing Handbook,https://www.oreilly.co.jp/books/9784873116327/
320,初めてのPHP、MySQL、JavaScript＆CSS 第2版,https://www.oreilly.co.jp/books/9784873116334/
321,入門 データ構造とアルゴリズム,https://www.oreilly.co.jp/books/9784873116341/
322,テスタブルJavaScript,https://www.oreilly.co.jp/books/9784873116358/
323,ギークマム,https://www.oreilly.co.jp/books/9784873116365/
324,実践ハイパフォーマンスMySQL 第3版,https://www.oreilly.co.jp/books/9784873116389/
325,イプシロン・ザ・ロケット,https://www.oreilly.co.jp/books/9784873116396/
326,バッドデータハンドブック,https://www.oreilly.co.jp/books/9784873116402/
327,入門 Unix for OS X 第5版,https://www.oreilly.co.jp/books/9784873116440/
328,マスタリングNginx,https://www.oreilly.co.jp/books/9784873116457/
329,インタラクティブ・データビジュアライゼーション,https://www.oreilly.co.jp/books/9784873116464/
330,HTML5 Hacks,https://www.oreilly.co.jp/books/9784873116471/
331,プログラミングC# 第7版,https://www.oreilly.co.jp/books/9784873116501/
332,Rクイックリファレンス 第2版,https://www.oreilly.co.jp/books/9784873116518/
333,Hadoopオペレーション,https://www.oreilly.co.jp/books/9784873116525/
334,Rグラフィックスクックブック,https://www.oreilly.co.jp/books/9784873116532/
335,詳説 Cポインタ,https://www.oreilly.co.jp/books/9784873116563/
336,説得とヤル気の科学,https://www.oreilly.co.jp/books/9784873116570/
337,Backbone.jsアプリケーション開発ガイド,https://www.oreilly.co.jp/books/9784873116587/
338,マイクロインタラクション,https://www.oreilly.co.jp/books/9784873116594/
339,JavaScriptで学ぶ関数型プログラミング,https://www.oreilly.co.jp/books/9784873116600/
340,入門 Webゲーム開発,https://www.oreilly.co.jp/books/9784873116648/
341,実践 Vagrant,https://www.oreilly.co.jp/books/9784873116655/
342,Mad Science 2,https://www.oreilly.co.jp/books/9784873116662/
343,AngularJSアプリケーション開発ガイド,https://www.oreilly.co.jp/books/9784873116679/
344,プログラミングPHP 第3版,https://www.oreilly.co.jp/books/9784873116686/
345,アルゴリズムパズル,https://www.oreilly.co.jp/books/9784873116693/
346,実践 Android Developer Tools,https://www.oreilly.co.jp/books/9784873116709/
347,アジャイルデータサイエンス,https://www.oreilly.co.jp/books/9784873116716/
348,シングルページWebアプリケーション,https://www.oreilly.co.jp/books/9784873116730/
349,入門 iOS SDK,https://www.oreilly.co.jp/books/9784873116747/
350,詳解 iOS SDK 第4版,https://www.oreilly.co.jp/books/9784873116754/
351,ハイパフォーマンス ブラウザネットワーキング,https://www.oreilly.co.jp/books/9784873116761/
352,「もの」はどのようにつくられているのか？,https://www.oreilly.co.jp/books/9784873116778/
353,詳解 WordPress,https://www.oreilly.co.jp/books/9784873116785/
354,入門 ソーシャルデータ 第2版,https://www.oreilly.co.jp/books/9784873116792/
355,Makerムーブメント宣言,https://www.oreilly.co.jp/books/9784873116808/
356,オブジェクト指向JavaScriptの原則,https://www.oreilly.co.jp/books/9784873116815/
357,おもしろいゲームシナリオの作り方,https://www.oreilly.co.jp/books/9784873116822/
358,word2vecによる自然言語処理,https://www.oreilly.co.jp/books/9784873116839/
359,エンジニアのためのフィードバック制御入門,https://www.oreilly.co.jp/books/9784873116846/
360,戦略的データサイエンス入門,https://www.oreilly.co.jp/books/9784873116853/
361,Web API: The Good Parts,https://www.oreilly.co.jp/books/9784873116860/
362,プログラミング HTML5 Canvas,https://www.oreilly.co.jp/books/9784873116877/
363,Python文法詳解,https://www.oreilly.co.jp/books/9784873116884/
364,Haskellによる並列・並行プログラミング,https://www.oreilly.co.jp/books/9784873116891/
365,モダンWeb,https://www.oreilly.co.jp/books/9784873116921/
366,ZooKeeperによる分散システム管理,https://www.oreilly.co.jp/books/9784873116938/
367,Think Bayes,https://www.oreilly.co.jp/books/9784873116945/
368,実践 Selenium WebDriver,https://www.oreilly.co.jp/books/9784873116952/
369,Intel Galileoをはじめよう,https://www.oreilly.co.jp/books/9784873116969/
370,アンダースタンディング コンピュテーション,https://www.oreilly.co.jp/books/9784873116976/
371,実践 機械学習システム,https://www.oreilly.co.jp/books/9784873116983/
372,Android KitKat Hacks,https://www.oreilly.co.jp/books/9784873116990/
373,データ分析によるネットワークセキュリティ,https://www.oreilly.co.jp/books/9784873117003/
374,データサイエンス講義,https://www.oreilly.co.jp/books/9784873117010/
375,Diameterプロトコルガイド,https://www.oreilly.co.jp/books/9784873117027/
376,モバイルデザインパターン 第2版,https://www.oreilly.co.jp/books/9784873117034/
377,Javaによる関数型プログラミング,https://www.oreilly.co.jp/books/9784873117041/
378,詳解 Tomcat,https://www.oreilly.co.jp/books/9784873117058/
379,WordPressによるWebアプリケーション開発,https://www.oreilly.co.jp/books/9784873117065/
380,デザイニング・マルチデバイス・エクスペリエンス,https://www.oreilly.co.jp/books/9784873117089/
381,Serverspec,https://www.oreilly.co.jp/books/9784873117096/
382,統計クイックリファレンス 第2版,https://www.oreilly.co.jp/books/9784873117102/
383,Lean Analytics,https://www.oreilly.co.jp/books/9784873117119/
384,コンピュータシステムの理論と実装,https://www.oreilly.co.jp/books/9784873117126/
385,Bluetooth Low Energyをはじめよう,https://www.oreilly.co.jp/books/9784873117133/
386,グラフデータベース,https://www.oreilly.co.jp/books/9784873117140/
387,RStudioではじめるRプログラミング入門,https://www.oreilly.co.jp/books/9784873117157/
388,Google BigQuery,https://www.oreilly.co.jp/books/9784873117164/
389,詳説 イーサネット 第2版,https://www.oreilly.co.jp/books/9784873117171/
390,Javaパフォーマンス,https://www.oreilly.co.jp/books/9784873117188/
391,入門 React,https://www.oreilly.co.jp/books/9784873117195/
392,作ることで学ぶ,https://www.oreilly.co.jp/books/9784873117201/
393,リーン顧客開発,https://www.oreilly.co.jp/books/9784873117218/
394,トラクション,https://www.oreilly.co.jp/books/9784873117225/
395,Amazing Science,https://www.oreilly.co.jp/books/9784873117232/
396,データ匿名化手法,https://www.oreilly.co.jp/books/9784873117249/
397,CSS3開発者ガイド 第2版,https://www.oreilly.co.jp/books/9784873117256/
398,ティンカリングをはじめよう,https://www.oreilly.co.jp/books/9784873117263/
399,Cython,https://www.oreilly.co.jp/books/9784873117270/
400,ヘルシープログラマ,https://www.oreilly.co.jp/books/9784873117287/
401,ゲームサウンド制作ガイド,https://www.oreilly.co.jp/books/9784873117294/
402,実践 JUnit,https://www.oreilly.co.jp/books/9784873117300/
403,サイバーセキュリティプログラミング,https://www.oreilly.co.jp/books/9784873117317/
404,ユーザーストーリーマッピング,https://www.oreilly.co.jp/books/9784873117324/
405,Arduinoをはじめよう 第3版,https://www.oreilly.co.jp/books/9784873117331/
406,初めてのSpark,https://www.oreilly.co.jp/books/9784873117348/
407,Think Stats 第2版,https://www.oreilly.co.jp/books/9784873117355/
408,Effective Modern C++,https://www.oreilly.co.jp/books/9784873117362/
409,入門 Python 3,https://www.oreilly.co.jp/books/9784873117386/
410,実践 Python 3,https://www.oreilly.co.jp/books/9784873117393/
411,ハイパフォーマンスPython,https://www.oreilly.co.jp/books/9784873117409/
412,コマンドラインではじめるデータサイエンス,https://www.oreilly.co.jp/books/9784873117416/
413,Seleniumデザインパターン & ベストプラクティス,https://www.oreilly.co.jp/books/9784873117423/
414,メタプログラミングRuby 第2版,https://www.oreilly.co.jp/books/9784873117430/
415,Caffeをはじめよう,https://www.oreilly.co.jp/books/9784873117454/
416,JavaScriptによるデータビジュアライゼーション入門,https://www.oreilly.co.jp/books/9784873117461/
417,物を作って生きるには,https://www.oreilly.co.jp/books/9784873117478/
418,IPythonデータサイエンスクックブック,https://www.oreilly.co.jp/books/9784873117485/
419,初めてのAndroid 第4版,https://www.oreilly.co.jp/books/9784873117492/
420,Sparkによる実践データ解析,https://www.oreilly.co.jp/books/9784873117508/
421,Make: Analog Synthesizers,https://www.oreilly.co.jp/books/9784873117515/
422,Go言語によるWebアプリケーション開発,https://www.oreilly.co.jp/books/9784873117522/
423,Pythonチュートリアル 第3版,https://www.oreilly.co.jp/books/9784873117539/
424,UX戦略,https://www.oreilly.co.jp/books/9784873117546/
425,パフォーマンス向上のためのデザイン設計,https://www.oreilly.co.jp/books/9784873117553/
426,Effective Python,https://www.oreilly.co.jp/books/9784873117560/
427,UnityによるVRアプリケーション開発,https://www.oreilly.co.jp/books/9784873117577/
428,ゼロから作るDeep Learning,https://www.oreilly.co.jp/books/9784873117584/
429,Rパッケージ開発入門,https://www.oreilly.co.jp/books/9784873117591/
430,マイクロサービスアーキテクチャ,https://www.oreilly.co.jp/books/9784873117607/
431,PythonによるWebスクレイピング,https://www.oreilly.co.jp/books/9784873117614/
432,発酵の技法,https://www.oreilly.co.jp/books/9784873117638/
433,カンバン仕事術,https://www.oreilly.co.jp/books/9784873117645/
434,初めてのAnsible,https://www.oreilly.co.jp/books/9784873117652/
435,CSSシークレット,https://www.oreilly.co.jp/books/9784873117669/
436,あなたの知らないところでソフトウェアは何をしているのか？,https://www.oreilly.co.jp/books/9784873117676/
437,Pythonからはじめる数学入門,https://www.oreilly.co.jp/books/9784873117683/
438,リーンブランディング,https://www.oreilly.co.jp/books/9784873117690/
439,初めてのThree.js 第2版,https://www.oreilly.co.jp/books/9784873117706/
440,続・インタフェースデザインの心理学,https://www.oreilly.co.jp/books/9784873117713/
441,情報アーキテクチャ 第4版,https://www.oreilly.co.jp/books/9784873117720/
442,Processingをはじめよう 第2版,https://www.oreilly.co.jp/books/9784873117737/
443,リーンエンタープライズ,https://www.oreilly.co.jp/books/9784873117744/
444,スケーラブルリアルタイムデータ分析入門,https://www.oreilly.co.jp/books/9784873117751/
445,Docker,https://www.oreilly.co.jp/books/9784873117768/
446,行列プログラマー,https://www.oreilly.co.jp/books/9784873117775/
447,退屈なことはPythonにやらせよう,https://www.oreilly.co.jp/books/9784873117782/
448,デザインの伝え方,https://www.oreilly.co.jp/books/9784873117799/
449,デザインスプリント,https://www.oreilly.co.jp/books/9784873117805/
450,Cクイックリファレンス 第2版,https://www.oreilly.co.jp/books/9784873117812/
451,初めてのJavaScript 第3版,https://www.oreilly.co.jp/books/9784873117836/
452,実践 Appium,https://www.oreilly.co.jp/books/9784873117843/
453,アルゴリズムクイックリファレンス 第2版,https://www.oreilly.co.jp/books/9784873117850/
454,ゼロからはじめるデータサイエンス,https://www.oreilly.co.jp/books/9784873117867/
455,Cooking for Geeks 第2版,https://www.oreilly.co.jp/books/9784873117874/
456,Reactビギナーズガイド,https://www.oreilly.co.jp/books/9784873117881/
457,Prototyping Lab 第2版,https://www.oreilly.co.jp/books/9784873117898/
458,詳解 システム・パフォーマンス,https://www.oreilly.co.jp/books/9784873117904/
459,SRE サイトリライアビリティエンジニアリング,https://www.oreilly.co.jp/books/9784873117911/
460,Optimized C++,https://www.oreilly.co.jp/books/9784873117928/
461,初めてのPHP,https://www.oreilly.co.jp/books/9784873117935/
462,Pythonではじめるデータラングリング,https://www.oreilly.co.jp/books/9784873117942/
463,GitHubツールビルディング,https://www.oreilly.co.jp/books/9784873117959/
464,Infrastructure as Code,https://www.oreilly.co.jp/books/9784873117966/
465,SVGエッセンシャルズ 第2版,https://www.oreilly.co.jp/books/9784873117973/
466,Pythonではじめる機械学習,https://www.oreilly.co.jp/books/9784873117980/
467,Effective Debugging,https://www.oreilly.co.jp/books/9784873117997/
468,マッピングエクスペリエンス,https://www.oreilly.co.jp/books/9784873118000/
469,エラスティックリーダーシップ,https://www.oreilly.co.jp/books/9784873118024/
470,マイクロシェルター,https://www.oreilly.co.jp/books/9784873118031/
471,Real World HTTP,https://www.oreilly.co.jp/books/9784873118048/
472,Lean UX 第2版,https://www.oreilly.co.jp/books/9784873118055/
473,サーバーレスシングルページアプリケーション,https://www.oreilly.co.jp/books/9784873118062/
474,アイソモーフィックJavaScript,https://www.oreilly.co.jp/books/9784873118079/
475,PythonとJavaScriptではじめるデータビジュアライゼーション,https://www.oreilly.co.jp/books/9784873118086/
476,プログラミングROS,https://www.oreilly.co.jp/books/9784873118093/
477,UnityによるARゲーム開発,https://www.oreilly.co.jp/books/9784873118109/
478,Raspberry Piクックブック 第2版,https://www.oreilly.co.jp/books/9784873118116/
479,私たちはみなメイカーだ,https://www.oreilly.co.jp/books/9784873118123/
480,micro:bitではじめるプログラミング,https://www.oreilly.co.jp/books/9784873118130/
481,Rではじめるデータサイエンス,https://www.oreilly.co.jp/books/9784873118147/
482,プロダクションレディマイクロサービス,https://www.oreilly.co.jp/books/9784873118154/
483,初めての自動テスト,https://www.oreilly.co.jp/books/9784873118161/
484,Fluent Python,https://www.oreilly.co.jp/books/9784873118178/
485,入門 PySpark,https://www.oreilly.co.jp/books/9784873118185/
486,Sphinxをはじめよう 第2版,https://www.oreilly.co.jp/books/9784873118192/
487,ベタープログラマ,https://www.oreilly.co.jp/books/9784873118208/
488,Go言語でつくるインタプリタ,https://www.oreilly.co.jp/books/9784873118222/
489,カーハッカーズ・ハンドブック,https://www.oreilly.co.jp/books/9784873118239/
490,初めてのPerl 第7版,https://www.oreilly.co.jp/books/9784873118246/
491,仕事ではじめる機械学習,https://www.oreilly.co.jp/books/9784873118253/
492,直感 Deep Learning,https://www.oreilly.co.jp/books/9784873118260/
493,エレクトロニクスをはじめよう,https://www.oreilly.co.jp/books/9784873118277/
494,データサイエンスのための統計学入門,https://www.oreilly.co.jp/books/9784873118284/
495,Head First Python 第2版,https://www.oreilly.co.jp/books/9784873118291/
496,Rによるテキストマイニング,https://www.oreilly.co.jp/books/9784873118307/
497,Raspberry Piをはじめよう 第3版,https://www.oreilly.co.jp/books/9784873118314/
498,実践 Deep Learning,https://www.oreilly.co.jp/books/9784873118321/
499,scikit-learnとTensorFlowによる実践機械学習,https://www.oreilly.co.jp/books/9784873118345/
500,Effective DevOps,https://www.oreilly.co.jp/books/9784873118352/
501,ゼロから作るDeep Learning ❷,https://www.oreilly.co.jp/books/9784873118369/
502,詳解 OpenCV 3,https://www.oreilly.co.jp/books/9784873118376/
503,実践 CSIRTプレイブック,https://www.oreilly.co.jp/books/9784873118383/
504,退屈をぶっとばせ！,https://www.oreilly.co.jp/books/9784873118390/
505,入門 Kubernetes,https://www.oreilly.co.jp/books/9784873118406/
506,Pythonデータサイエンスハンドブック,https://www.oreilly.co.jp/books/9784873118413/
507,生き物としての力を取り戻す50の自然体験,https://www.oreilly.co.jp/books/9784873118420/
508,コンピュータサイエンス探偵の事件簿,https://www.oreilly.co.jp/books/9784873118437/
509,実践 パケット解析 第3版,https://www.oreilly.co.jp/books/9784873118444/
510,Pythonによるデータ分析入門 第2版,https://www.oreilly.co.jp/books/9784873118451/
511,Go言語による並行処理,https://www.oreilly.co.jp/books/9784873118468/
512,作って動かすALife,https://www.oreilly.co.jp/books/9784873118475/
513,エンジニアのためのマネジメントキャリアパス,https://www.oreilly.co.jp/books/9784873118482/
514,Kafka,https://www.oreilly.co.jp/books/9784873118499/
515,Unityによるモバイルゲーム開発,https://www.oreilly.co.jp/books/9784873118505/
516,問題解決のPythonプログラミング,https://www.oreilly.co.jp/books/9784873118512/
517,ハンダづけをはじめよう,https://www.oreilly.co.jp/books/9784873118529/
518,プログラミングRust,https://www.oreilly.co.jp/books/9784873118550/
519,進化的アーキテクチャ ,https://www.oreilly.co.jp/books/9784873118567/
520,RとKerasによるディープラーニング,https://www.oreilly.co.jp/books/9784873118574/
