No,Title,Link,Auth,Date,Pages
1,Javaネットワークプログラミング 第2版,https://www.oreilly.co.jp/books/4873110610/,Elliotte Rusty Harold 著、戸松 豊和 監訳、田和 勝 訳,2001-10-01,832
2,C++プログラミング入門 新版,https://www.oreilly.co.jp/books/4873110637/,"Gregory Satir, Doug Brown 著、望月 康司 監訳、谷口 功 訳",2001-11-01,240
3,サーバ負荷分散技術,https://www.oreilly.co.jp/books/4873110653/,"Tony Bourke 著、鍋島 公章 監訳、上谷 一, 横山 晴庸 訳",2001-12-01,232
4,NFS & NIS 第2版,https://www.oreilly.co.jp/books/4873110785/,"Hal Stern, Mike Eisler, Ricardo Labiaga 著、砂原 秀樹 監訳、木下 哲也 訳",2002-04-01,600
5,不正アクセス調査ガイド,https://www.oreilly.co.jp/books/4873110793/,"渡辺 勝弘, 伊原 秀明 著",2002-04-01,328
6,入門 vi 第6版,https://www.oreilly.co.jp/books/4873110831/,"Linda Lamb, Arnold Robbins 著、福崎 俊博 訳",2002-05-01,256
7,入門 SNMP,https://www.oreilly.co.jp/books/4873110904/,"Douglas R. Mauro, Kevin J. Schmidt 著、土本 康生 監訳、福田 剛士 訳",2002-07-01,360
8,ワイヤレスコミュニティネットワーク,https://www.oreilly.co.jp/books/4873110939/,"Rob Flickenger 著、山崎 年正 監訳、桑原 良和, 番字 素子 訳",2002-09-01,180
9,プログラミングPerl 第3版 VOLUME 1,https://www.oreilly.co.jp/books/4873110963/,"Larry Wall, Tom Christiansen, Jon Orwant 著、近藤 嘉雪 訳",2002-09-01,756
10,プログラミングPerl 第3版 VOLUME 2,https://www.oreilly.co.jp/books/4873110971/,"Larry Wall, Tom Christiansen, Jon Orwant 著、近藤 嘉雪 訳",2002-09-01,680
11,SAN & NAS ストレージネットワーク管理,https://www.oreilly.co.jp/books/4873110998/,W. Curtis Preston 著、金崎 裕己 監訳、豊沢 聡 訳,2002-10-01,272
12,詳解 Javaプログラミング 第2版 VOLUME 1,https://www.oreilly.co.jp/books/487311117X/,"Patrick Niemeyer, Jonathan Knudsen 著、滝沢 徹, 牧野 祐子, 鈴木 憲子 訳",2003-03-01,572
13,UNIXシステム管理 第3版 VOLUME 1,https://www.oreilly.co.jp/books/4873111382/,"AEleen Frisch 著、飯塚 正樹, 下田 みどり 訳",2003-07-01,632
14,RADIUS,https://www.oreilly.co.jp/books/4873111471/,Jonathan Hassell 著、株式会社アクセンス・テクノロジー 訳,2003-12-01,256
15,C++実践プログラミング 第2版,https://www.oreilly.co.jp/books/487311148X/,Steve Oualline 著、望月 康司 監訳、株式会社クイープ 訳,2003-09-01,644
16,Apacheハンドブック 第3版,https://www.oreilly.co.jp/books/4873111501/,"Ben Laurie, Peter Laurie 著、田辺 茂也 監訳、大川 佳織 訳",2003-09-01,676
17,Linuxサーバ Hacks,https://www.oreilly.co.jp/books/487311151X/,Rob Flickenger 著、山口 晴広 監訳、イメージズ・アンド・ワーズ 訳,2003-11-01,288
18,UMLデスクトップリファレンス,https://www.oreilly.co.jp/books/4873111544/,Dan Pilone 著、原 隆文 訳,2003-10-01,96
19,実用 CVS,https://www.oreilly.co.jp/books/4873111641/,"Jennifer Vesperman 著、滝沢 徹, 牧野 祐子 訳",2003-12-01,352
20,Excelポケットガイド,https://www.oreilly.co.jp/books/4873111714/,Curt Frye 著、日向 あおい 訳,2004-02-01,112
21,Spidering Hacks,https://www.oreilly.co.jp/books/4873111870/,"Kevin Hemenway, Tara Calishain 著、村上 雅章 訳",2004-05-01,544
22,Postfix 実用ガイド,https://www.oreilly.co.jp/books/4873111951/,Kyle D. Dent 著、菅野良二 訳,2004-08-10,328
23,C++ ライブラリ クイックリファレンス,https://www.oreilly.co.jp/books/487311196X/,Ray Lischner 著、株式会社クイープ 訳,2004-07-27,556
24,JavaServer Faces完全ガイド,https://www.oreilly.co.jp/books/4873111978/,Hans Bergsten 著、岩谷 宏 訳,2004-08-10,688
25,実践 ネットワークセキュリティ監査,https://www.oreilly.co.jp/books/4873112044/,Chris McNab　著、鍋島公章　監訳、株式会社ネットワークバリューコンポネンツ　訳,2005-04-21,488
26,Hibernate,https://www.oreilly.co.jp/books/487311215X/,James Elliott　著、佐藤 直生　訳,2004-12-29,208
27,ゲーム開発者のためのAI入門,https://www.oreilly.co.jp/books/4873112168/,"David M. Bourg, Glenn Seemann　著、株式会社クイープ　訳",2005-01-12,392
28,PDF Hacks,https://www.oreilly.co.jp/books/4873112222/,Sid Steward　著、千住 治郎　訳,2005-03-29,368
29,Windowsサーバー Hacks,https://www.oreilly.co.jp/books/4873112265/,Mitch Tulloch　著、高橋 基信　監訳、占部 優希　訳,2005-05-26,432
30,Knoppix Hacks,https://www.oreilly.co.jp/books/4873112281/,Kyle Rankin　著、須崎 有康　監修、株式会社クイープ　訳,2005-06-27,400
31,CSS完全ガイド 第2版,https://www.oreilly.co.jp/books/487311232X/,Eric A. Meyer　著、株式会社クイープ　訳,2005-06-27,568
32,Flash Hacks,https://www.oreilly.co.jp/books/4873112354/,Sham Bhangal　著、株式会社クイープ　訳,2005-07-11,544
33,Linuxハンドブック,https://www.oreilly.co.jp/books/4873112370/,Daniel J. Barrett　著、猪俣 敦夫、岡本 健、田淵 貴昭　訳,2005-08-27,220
34,Word Hacks,https://www.oreilly.co.jp/books/4873112389/,Andrew Savikas　著、日向 あおい　訳,2005-07-25,304
35,レボリューション・イン・ザ・バレー,https://www.oreilly.co.jp/books/4873112451/,Andy Hertzfeld　著、柴田 文彦　訳,2005-09-26,352
36,GDBハンドブック,https://www.oreilly.co.jp/books/487311246X/,Arnold Robbins　著、千住 治郎　訳,2005-09-08,104
37,Head Firstデザインパターン,https://www.oreilly.co.jp/books/4873112494/,"Eric Freeman, Elisabeth Freeman, Kathy Sierra, Bert Bates 著、佐藤 直生 監訳、木下 哲也, 有限会社 福龍興業 訳",2005-12-02,604
38,Linuxデスクトップ Hacks ,https://www.oreilly.co.jp/books/4873112516/,Nicholas Petreley、 Jono Bacon　著、株式会社ドキュメントシステム　訳,2005-09-26,432
39,MySQLクイックリファレンス,https://www.oreilly.co.jp/books/4873112524/,Russel J. T. Dyer　著、渡邉了介、株式会社ドキュメントシステム　訳,2005-09-15,448
40,Linuxデバイスドライバ 第3版,https://www.oreilly.co.jp/books/4873112532/,"Jonathan Corbet, Alessandro Rubini, Greg Kroah-Hartman 著、山崎 康宏, 山崎 邦子, 長原 宏治, 長原 陽子 訳",2005-10-22,648
41,入門 bash 第3版,https://www.oreilly.co.jp/books/4873112540/,"Cameron Newham, Bill Rosenblatt 著、株式会社クイープ 訳",2005-10-27,368
42,「おもしろい」のゲームデザイン,https://www.oreilly.co.jp/books/4873112559/,Raph Koster 著、酒井 皇治 訳,2005-12-17,304
43,Apacheセキュリティ,https://www.oreilly.co.jp/books/4873112567/,Ivan Ristic 著、株式会社クイープ 訳,2005-10-17,448
44,Ant 第2版,https://www.oreilly.co.jp/books/4873112656/,Steve Holzner 著、長瀬嘉秀 監訳、株式会社テクノロジックアート 訳,2005-11-19,324
45,Podcasting Hacks,https://www.oreilly.co.jp/books/4873112664/,Jack D. Herrington 著、株式会社クイープ 訳,2005-12-23,472
46,詳解 シェルスクリプト,https://www.oreilly.co.jp/books/4873112672/,Arnold Robbins、Nelson H. F. Beebe　著、日向 あおい　訳,2006-01-27,372
47,GNU Make 第3版,https://www.oreilly.co.jp/books/4873112699/,Robert Mecklenburg 著、矢吹 道郎 監訳、菊池 彰 訳,2005-12-23,304
48,Maven,https://www.oreilly.co.jp/books/4873112702/,Vincent Massol、Timothy M. O'Brien　著、佐藤 直生　訳,2006-02-24,232
49,Mind Hacks,https://www.oreilly.co.jp/books/4873112710/,"Tom Stafford, Matt Webb 著、夏目 大 訳",2005-12-17,440
50,プレファクタリング,https://www.oreilly.co.jp/books/4873112729/,Ken Pugh　著、木下 哲也、有限会社 福龍興業　訳,2006-01-26,280
51,Jakarta Strutsクックブック,https://www.oreilly.co.jp/books/4873112737/,Bill Siggelkow　著、長瀬 嘉秀、永田 渉　監訳、株式会社テクノロジックアート　訳,2006-01-27,420
52,データベース実践講義,https://www.oreilly.co.jp/books/4873112753/,C.J.Date　著、株式会社クイープ　訳,2006-02-24,320
53,Head First Java 第2版,https://www.oreilly.co.jp/books/4873112796/,"Kathy Sierra, Bert Bates　著、夏目 大　訳、島田 秋雄、高坂 一城、神戸 博之　監修",2006-03-24,720
54,実用 Perlプログラミング 第2版,https://www.oreilly.co.jp/books/487311280X/,Simon Cozens　著、菅野 良二　訳,2006-03-24,320
55,初めてのSQL,https://www.oreilly.co.jp/books/4873112818/,Alan Beaulieu　著、株式会社クイープ　訳,2006-04-22,320
56,入門 Webマッピング,https://www.oreilly.co.jp/books/4873112826/,Tyler Mitchell　著、大塚 恒平、たくぼ あきお、丹羽 誠、真野 栄一、森 亮　訳,2006-05-20,380
57,アンビエント・ファインダビリティ,https://www.oreilly.co.jp/books/4873112834/,Peter Morville　著、浅野 紀予　訳,2006-04-18,264
58,UML 2.0クイックリファレンス,https://www.oreilly.co.jp/books/4873112842/,"Dan Pilone, Neil Pitman　著、原 隆文　訳",2006-06-15,260
59,Windowsサーバークックブック,https://www.oreilly.co.jp/books/4873112850/,Robbie Allen　著、マイクロソフト株式会社ITプロ エバンジェリストチーム　監修、株式会社クイープ　訳,2006-05-11,552
60,入門 PHPセキュリティ,https://www.oreilly.co.jp/books/4873112869/,Chris Shiflett　著、桑村 潤、廣川 類　訳,2006-05-11,136
61,実用SSH 第2版,https://www.oreilly.co.jp/books/4873112877/,"Daniel J. Barrett, Richard E. Silverman, Robert G. Byrnes　著、小島 肇　監訳、坂井 順行、鹿田 幸治、園田 道夫、高橋 基信、根津 研介、宮本 久仁男、両輪 顕、関谷 麻美　訳",2006-11-22,736
62,Binary Hacks,https://www.oreilly.co.jp/books/4873112885/,高林 哲、鵜飼 文敏、佐藤 祐介、浜地 慎一郎、首藤 一幸　著,2006-11-11,412
63,Asterisk,https://www.oreilly.co.jp/books/4873112893/,"Jim Van Meggelen, Jared Smith, Leif Madsen　著、チャットボイス株式会社　監訳、信國 謙司　訳",2006-06-03,452
64,詳説 ビジネスプロセスモデリング,https://www.oreilly.co.jp/books/4873112907/,Michael Havey　著、長瀬 嘉秀、永田 渉　監訳、株式会社テクノロジックアート　訳,2006-06-03,328
65,PHP Hacks,https://www.oreilly.co.jp/books/4873112915/,Jack D. Herrington　著、牧野 聡　訳,2006-06-23,436
66,初めてのC# 第2版,https://www.oreilly.co.jp/books/487311294X/,"Jesse Liberty, Brian MacDonald　著、日向 俊二　訳",2006-08-09,376
67,Make: Technology on Your Time Volume 01,https://www.oreilly.co.jp/books/4873112982/,オライリー・ジャパン　編,2006-08-23,176
68,アート・オブ・プロジェクトマネジメント,https://www.oreilly.co.jp/books/4873112990/,Scott Berkun　著、村上 雅章　訳,2006-09-06,464
69,Perlベストプラクティス,https://www.oreilly.co.jp/books/4873113008/,Damian Conway　著、株式会社クイープ　訳,2006-08-23,520
70,Web解析Hacks,https://www.oreilly.co.jp/books/4873113024/,Eric T. Peterson　著、株式会社デジタルフォレスト　監修、木下 哲也、有限会社 福龍興業　訳,2006-11-07,460
71,C++クックブック,https://www.oreilly.co.jp/books/4873113032/,"D. Ryan Stephens, Christopher Diggins, Jonathan Turkanis, Jeff Cogswell　著、株式会社クイープ　訳",2006-09-23,520
72,Linuxサーバ Hacks 2,https://www.oreilly.co.jp/books/4873113067/,"Bill von Hagen, Brian K. Jones　著、菅野 良二　訳",2006-10-21,544
73,エンジニアのための時間管理術,https://www.oreilly.co.jp/books/4873113075/,Thomas A. Limoncelli　著、株式会社クイープ　訳,2006-10-18,272
74,802.11無線ネットワーク管理 第2版,https://www.oreilly.co.jp/books/4873113083/,Matthew Gast　著、渡辺 尚、小野 良司　監訳、林 秀幸　訳,2006-11-18,664
75,WSHクイックリファレンス 第2版,https://www.oreilly.co.jp/books/4873113091/,羽山 博　著,2006-10-21,584
76,Head Rush Ajax,https://www.oreilly.co.jp/books/4873113105/,Brett McLaughlin　著、夏目 大　監訳、児島 修　訳,2006-12-23,448
77,スケーラブルWebサイト,https://www.oreilly.co.jp/books/4873113113/,Cal Henderson　著、武舎 広幸、福地 太郎、武舎 るみ　訳,2006-12-23,352
78,Railsレシピ,https://www.oreilly.co.jp/books/4873113121/,Chad Fowler　著、長瀬 嘉秀、永田 渉　監訳、株式会社テクノロジックアート　訳,2006-12-16,308
79,sed & awkプログラミング 改訂版,https://www.oreilly.co.jp/books/4900900583/,"Dale Dougherty, Arnold Robbins 著、福崎 俊博 訳",1997-10-01,488
80,make 改訂版,https://www.oreilly.co.jp/books/4900900605/,"Andrew Oram, Steve Talbott　著、矢吹 道郎　監訳、菊池 彰　訳",1997-07-01,172
81,C実践プログラミング 第3版,https://www.oreilly.co.jp/books/4900900648/,Steve Oualline 著、望月 康司 監訳、谷口 功 訳,1998-06-01,480
82,Pthreadsプログラミング,https://www.oreilly.co.jp/books/4900900664/,"Bradford Nichols, Dick Buttlar, Jacqueline Proulx Farrell 著、榊 正憲 訳",1998-05-01,328
83,Python クックブック 第2版,https://www.oreilly.co.jp/books/9784873112763/,"Alex Martelli, Anna Martelli Ravenscroft, David Ascher　著、鴨澤 眞夫、當山 仁健、吉田 聡、吉宗 貞紀、他　訳",2007-06-23,652
84,入門 GNU Emacs 第3版,https://www.oreilly.co.jp/books/9784873112770/,"Debra Cameron, James Elliott, Marc Loy, Eric Raymond, Bill Rosenblatt　著、半田 剣一、宮下 尚　監訳、新井 貴之、鈴木 和也　訳",2007-03-09,512
85,詳解 Linuxカーネル 第3版,https://www.oreilly.co.jp/books/9784873113135/,"Daniel P. Bovet, Marco Cesati　著、高橋 浩和　監訳、杉田 由美子、清水 正明、高杉 昌督、平松 雅巳、安井 隆宏　訳",2007-02-23,1024
86,SQLクックブック,https://www.oreilly.co.jp/books/9784873113159/,Anthony Molinaro　著、木下 哲也、有限会社 福龍興業　訳,2007-01-24,548
87,入門 UML 2.0,https://www.oreilly.co.jp/books/9784873113173/,"Russ Miles, Kim Hamilton　著、原 隆文　訳",2007-02-07,288
88,Make: Technology on Your Time Volume 02,https://www.oreilly.co.jp/books/9784873113180/,オライリー・ジャパン　編,2007-03-16,184
89,Google Hacks 第3版,https://www.oreilly.co.jp/books/9784873113210/,"Rael Dornfest, Paul Bausch, Tara Calishain　著、山名 早人　監訳、石川 隼輔、堀井 洋、村上 明子、鹿島 久嗣、小柳 光生　訳",2007-04-21,576
90,Ajaxデザインパターン,https://www.oreilly.co.jp/books/9784873113234/,Michael Mahemoff　著、牧野 聡　訳,2007-05-12,704
91,Rubyクックブック,https://www.oreilly.co.jp/books/9784873113241/,"Lucas Carlson, Leonard Richardson　著、株式会社クイープ　訳",2007-04-25,512
92,CとGNU開発ツールによる組み込みシステムプログラミング 第2版,https://www.oreilly.co.jp/books/9784873113265/,"Michael Barr, Anthony Massa　著、有馬 三郎　訳",2007-06-22,324
93,ネットワークセキュリティHacks 第2版,https://www.oreilly.co.jp/books/9784873113272/,Andrew Lockhart　著、渡辺 勝弘、鶴岡 信彦、黒川 原佳　訳,2007-06-15,472
94,IPv6 エッセンシャルズ 第2版,https://www.oreilly.co.jp/books/9784873113289/,Silvia Hagen　著、市原 英也　監訳、豊沢 聡　訳,2007-06-20,544
95,Linuxカーネル クイックリファレンス,https://www.oreilly.co.jp/books/9784873113302/,Greg Kroah-Hartman　著、千住 治郎　訳,2007-07-11,256
96,SQL Hacks,https://www.oreilly.co.jp/books/9784873113319/,"Andrew Cumming, Gordon Russell　著、西沢 直木　訳",2007-07-26,440
97,Ajax on Rails,https://www.oreilly.co.jp/books/9784873113326/,Scott Raymond　著、牧野 聡　訳,2007-07-21,392
98,Ajax & Java,https://www.oreilly.co.jp/books/9784873113333/,Steven Douglas Olson　著、安藤 慶一　訳,2007-08-08,240
99,エンタープライズSOA,https://www.oreilly.co.jp/books/9784873113340/,"Dan Woods, Thomas Mattern　著、SAPジャパン株式会社　監修、石橋 啓一郎　訳",2007-12-01,472
100,Statistics Hacks,https://www.oreilly.co.jp/books/9784873113357/,Bruce Frey　著、鴨澤 眞夫　監訳、西沢 直木　訳,2007-12-22,292
101,アート・オブ・SQL,https://www.oreilly.co.jp/books/9784873113364/,"Stephane Faroult, Peter Robson　著、木下 哲也、有限会社 福龍興業　訳",2007-09-14,332
102,Mind パフォーマンス Hacks,https://www.oreilly.co.jp/books/9784873113371/,Ron Hale-Evans　著、夏目 大　訳,2007-08-25,396
103,Make: Technology on Your Time Volume 03,https://www.oreilly.co.jp/books/9784873113388/,オライリー・ジャパン　編,2007-09-26,184
104,実例で学ぶゲームAIプログラミング,https://www.oreilly.co.jp/books/9784873113395/,Mat Buckland　著、松田 晃一　訳,2007-09-26,536
105,Google Maps Hacks 第2版,https://www.oreilly.co.jp/books/9784873113418/,"Rich Gibson, Schuyler Erle　著、武舎 広幸、福地 太郎、武舎 るみ　訳",2007-10-24,340
106,詳解 MySQL,https://www.oreilly.co.jp/books/9784873113432/,Sasha Pachev　著、伊藤 直也、田中 慎司、吉川 英興　監訳、菅野 良二　訳,2007-11-17,264
107,入門 Qt 4プログラミング,https://www.oreilly.co.jp/books/9784873113449/,"Jasmin Blanchette, Mark Summerfield　著、杵渕 聡、杉田 研治　訳",2007-11-23,528
108,イノベーションの神話,https://www.oreilly.co.jp/books/9784873113456/,Scott Berkun　著、村上 雅章　訳,2007-10-26,216
109,Linuxシステム管理,https://www.oreilly.co.jp/books/9784873113463/,"Tom Adelstein, Bill Lubanovic　著、千住 治郎　訳",2007-11-14,336
110,Excel Hacks 第2版,https://www.oreilly.co.jp/books/9784873113470/,"David Hawley, Raina Hawley　著、羽山 博　監訳、日向 あおい　訳",2007-11-21,396
111,プログラミングGauche,https://www.oreilly.co.jp/books/9784873113487/,Kahuaプロジェクト　著、川合 史朗　監修,2008-03-14,524
112,Head Firstオブジェクト指向分析設計,https://www.oreilly.co.jp/books/9784873113494/,"Brett McLaughlin, Gary Pollice, David West　著、長瀬 嘉秀、永田 渉　監訳、株式会社テクノロジックアート　訳",2007-12-01,636
113,初めてのFlash Video,https://www.oreilly.co.jp/books/9784873113524/,永井 勝則　著,2007-12-21,464
114,RESTful Webサービス,https://www.oreilly.co.jp/books/9784873113531/,"Leonard Richardson, Sam Ruby　著、山本 陽平　監訳、株式会社クイープ　訳",2007-12-19,480
115,ネットワークウォリア,https://www.oreilly.co.jp/books/9784873113548/,Gary A. Donahue　著、木下 哲也　訳,2007-12-22,592
116,インテル スレッディング・ビルディング・ブロック,https://www.oreilly.co.jp/books/9784873113555/,James Reinders　著、菅原 清文　監訳、エクセルソフト株式会社　訳,2008-02-22,360
117,Rubyスクリプティングテクニック,https://www.oreilly.co.jp/books/9784873113562/,Brian Marick　著、菅野 良二　訳,2008-02-22,312
118,Core Memory,https://www.oreilly.co.jp/books/9784873113579/,Mark Richards　写真、John Alderman　文、鴨澤 眞夫　訳,2008-02-23,164
119,Ajaxアプリケーション & Webセキュリティ,https://www.oreilly.co.jp/books/9784873113586/,Christopher Wells　著、牧野 聡　訳,2008-02-16,284
120,詳説 正規表現 第3版,https://www.oreilly.co.jp/books/9784873113593/,Jeffrey E.F. Friedl　著、株式会社ロングテール／長尾 高弘　訳,2008-04-26,528
121,Make: Technology on Your Time Volume 04,https://www.oreilly.co.jp/books/9784873113609/,オライリー・ジャパン　編,2008-03-25,192
122,ハイパフォーマンスWebサイト,https://www.oreilly.co.jp/books/9784873113616/,Steve Souders　著、武舎 広幸、福地 太郎、武舎 るみ　訳,2008-04-11,184
123,Linuxシステムプログラミング,https://www.oreilly.co.jp/books/9784873113623/,Robert Love　著、千住 治郎　訳,2008-04-16,396
124,ビューティフルコード,https://www.oreilly.co.jp/books/9784873113630/,"Andy Oram, Greg Wilson　編、Brian Kernighan, Jon Bentley, まつもとゆきひろ, 他　著、久野 禎子、久野 靖　訳",2008-04-23,672
125,集合知プログラミング,https://www.oreilly.co.jp/books/9784873113647/,Toby Segaran　著、當山 仁健、鴨澤 眞夫　訳,2008-07-24,392
126,初めてのPHP & MySQL 第2版,https://www.oreilly.co.jp/books/9784873113654/,"Michele E. Davis, Jon A. Phillips　著、西沢 直木　訳",2008-05-24,464
127,インターフェイス指向設計,https://www.oreilly.co.jp/books/9784873113661/,Ken Pugh　著、角谷 信太郎　監訳、児島 修　訳,2008-05-23,240
128,初めてのRuby,https://www.oreilly.co.jp/books/9784873113678/,Yugui　著,2008-06-25,224
129,Head First SQL,https://www.oreilly.co.jp/books/9784873113692/,Lynn Beighley　著、佐藤 直生　監訳、松永 多苗子　訳,2008-06-07,608
130,JavaScript & DHTMLクックブック 第2版,https://www.oreilly.co.jp/books/9784873113708/,Danny Goodman　著、村上 列　訳,2008-06-21,592
131,初めてのActionScript 3.0,https://www.oreilly.co.jp/books/9784873113715/,"Rich Shupe, Zevan Rosser　著、永井 勝則　訳",2008-08-23,480
132,Prototype & script.aculo.us,https://www.oreilly.co.jp/books/9784873113722/,Christophe Porteneuve　著、栗山 淳　監訳、吉田 遼二　訳,2008-07-26,420
133,Head First JavaScript,https://www.oreilly.co.jp/books/9784873113739/,Michael Morrison　著、豊福 剛　訳,2008-08-13,648
134,C#クックブック 第3版,https://www.oreilly.co.jp/books/9784873113746/,"Jay Hilyard, Stephen Teilhet　著、鈴木 幸敏　訳",2008-08-23,564
135,bashクックブック,https://www.oreilly.co.jp/books/9784873113760/,"Carl Albing, JP Vossen, Cameron Newham 著、株式会社クイープ 訳",2008-09-25,644
136,実例で学ぶゲーム3D数学,https://www.oreilly.co.jp/books/9784873113777/,"Fletcher Dunn, Ian Parberry　著、松田 晃一　訳",2008-10-03,484
137,ビジュアライジング・データ,https://www.oreilly.co.jp/books/9784873113784/,Ben Fry　著、増井 俊之　監訳 、加藤 慶彦　訳 ,2008-11-29,432
138,Make: Technology on Your Time Volume 05,https://www.oreilly.co.jp/books/9784873113791/,オライリー・ジャパン　編,2008-09-25,192
139,Apacheクックブック 第2版,https://www.oreilly.co.jp/books/9784873113814/,"Ken Coar, Rich Bowen 著、笹井 崇司 訳",2008-09-25,308
140,Windows PowerShellクックブック,https://www.oreilly.co.jp/books/9784873113821/,Lee Holmes　著、マイクロソフト株式会社ITプロ エバンジェリストチーム　監訳、菅野 良二　訳,2008-10-22,630
141,Head First C#,https://www.oreilly.co.jp/books/9784873113838/,"Andrew Stellman, Jennifer Greene　著 、木下 哲也　訳、佐藤 嘉一　技術監修",2008-10-16,592
142,Making Things Talk,https://www.oreilly.co.jp/books/9784873113845/,Tom Igoe　著、小林 茂　監訳、水原 文　訳,2008-11-14,456
143,Subject To Change,https://www.oreilly.co.jp/books/9784873113852/,"Peter Merholz, Brandon Schauer, David Verba, Todd Wilkens　著、高橋 信夫　訳",2008-10-25,180
144,実践 Rails,https://www.oreilly.co.jp/books/9784873113869/,Brad Ediger　著、株式会社クイープ　訳,2008-10-25,376
145,詳説 ActionScript 3.0,https://www.oreilly.co.jp/books/9784873113876/,Colin Moock　著 、永井 勝則　訳,2008-11-21,1044
146,Tomcatハンドブック 第2版,https://www.oreilly.co.jp/books/9784873113883/,"Jason Brittain, Ian F. Darwin　著、村上 雅章　訳",2008-11-27,560
147,ThoughtWorksアンソロジー,https://www.oreilly.co.jp/books/9784873113890/,ThoughtWorks Inc.　著、株式会社オージス総研 オブジェクトの広場編集部　訳,2008-12-25,276
148,DNS & BIND 第5版,https://www.oreilly.co.jp/books/9784873113906/,"Cricket Liu, Paul Albitz　著、小柏 伸夫　訳",2008-12-06,672
149,JavaScript: The Good Parts,https://www.oreilly.co.jp/books/9784873113913/,Douglas Crockford　著、水野 貴明　訳,2008-12-20,198
150,Head Firstソフトウェア開発,https://www.oreilly.co.jp/books/9784873113920/,"Dan Pilone, Russ Miles　著、木下 哲也　監訳、有限会社 福龍興業 訳",2009-01-21,496
151,初めてのPython 第3版,https://www.oreilly.co.jp/books/9784873113937/,Mark Lutz　著、夏目 大　訳,2009-02-25,808
152,プログラミング言語 Ruby,https://www.oreilly.co.jp/books/9784873113944/,"David Flanagan, まつもと ゆきひろ　著 、卜部 昌平　監訳、長尾 高弘　訳",2009-01-24,472
153,アート・オブ・アジャイル デベロップメント,https://www.oreilly.co.jp/books/9784873113951/,"James Shore, Shane Warden　著、木下 史彦、平鍋 健児　監訳、笹井 崇司　訳",2009-02-17,464
154,マスタリングPerl,https://www.oreilly.co.jp/books/9784873113975/,brian d foy　著、菅野 良二　訳,2009-03-20,388
155,キャパシティプランニング,https://www.oreilly.co.jp/books/9784873113999/,John Allspaw　著、佐藤 直生　監訳、木下 哲也　訳,2009-03-18,160
156,Railsデプロイ,https://www.oreilly.co.jp/books/9784873114002/,"Ezra Zygmuntowicz, Bruce A. Tate, Clinton Begin 著、前田 修吾、橋本 将、小倉 正充　監訳、牧野 聡　訳",2009-03-14,276
157,Make: Technology on Your Time Volume 06,https://www.oreilly.co.jp/books/9784873114019/,オライリー・ジャパン編,2009-03-26,192
158,プロダクティブ・プログラマ,https://www.oreilly.co.jp/books/9784873114026/,Neal Ford　著、島田 浩二　監訳、夏目 大　訳,2009-04-25,284
159,リファクタリング・ウェットウェア,https://www.oreilly.co.jp/books/9784873114033/,Andy Hunt　著、武舎 広幸、武舎 るみ　訳,2009-04-25,304
160,Debug Hacks,https://www.oreilly.co.jp/books/9784873114040/,吉岡弘隆、大和一洋、大岩尚宏、安部東洋、吉田俊輔　著,2009-04-25,424
161,エレガントな問題解決,https://www.oreilly.co.jp/books/9784873114057/,Paul Zeitz　著、山口 文彦、松崎 公紀、三橋 泉、松永 多苗子、伊知地 宏　訳,2010-12-25,452
162,実践 デバッグ技法,https://www.oreilly.co.jp/books/9784873114064/,"Norman Matloff,Peter Salzman　著、相川愛三　訳",2009-06-06,288
163,デザイニング・ウェブナビゲーション,https://www.oreilly.co.jp/books/9784873114101/,James Kalbach　著、長谷川 敦士、浅野 紀予　監訳、児島 修　訳,2009-05-23,388
164,Make: Technology on Your Time Volume 07,https://www.oreilly.co.jp/books/9784873114118/,オライリー・ジャパン　編,2009-07-08,192
165,オープンソースソフトウェアの育て方,https://www.oreilly.co.jp/books/9784873114125/,Karl Fogel　著、高木正弘、高岡芳成　訳,2009-07-25,320
166,実用 Subversion 第2版,https://www.oreilly.co.jp/books/9784873114149/,C. Michael Pilato、Ben Collins-Sussman、Brian W. Fitzpatrick　著、宮本 久仁男　監訳、朝枝 雅子、浜本 階生　訳,2009-07-25,480
167,エンタープライズ Rails,https://www.oreilly.co.jp/books/9784873114163/,Dan Chak　著、高井 直人　監訳、笹井 崇司　訳,2009-07-23,340
168,iPhone SDK アプリケーション開発ガイド,https://www.oreilly.co.jp/books/9784873114170/,Jonathan Zdziarski　著、近藤 誠　監訳、武舎 広幸、武舎 るみ　訳,2009-09-04,448
169,「ヒットする」のゲームデザイン,https://www.oreilly.co.jp/books/9784873114187/,"Chris Bateman, Richard Boon　著、松原 健二　監訳、岡 真由美　訳",2009-09-04,412
170,Silverlightで開発するデータ駆動アプリケーション,https://www.oreilly.co.jp/books/9784873114194/,John Papa　著、マイクロソフト株式会社 アーキテクトエバンジェリスト 鈴木 章太郎　監訳、SilverlightSquare　訳,2009-09-11,420
171,Head First Statistics,https://www.oreilly.co.jp/books/9784873114200/,Dawn Griffiths　著、黒川 利明　監訳、木下 哲也、黒川 洋、黒川 めぐみ　訳,2009-08-22,548
172,Make: Technology on Your Time Volume 08,https://www.oreilly.co.jp/books/9784873114217/,オライリー・ジャパン　編,2009-09-26,184
173,組み込みLinuxシステム構築 第2版,https://www.oreilly.co.jp/books/9784873114224/,"Karim Yaghmour, Jon Masters, Gilad Ben-Yossef, Philippe Gerum　著、水原 文　訳",2009-10-24,472
174,Real World Haskell,https://www.oreilly.co.jp/books/9784873114231/,"Bryan O'Sullivan, John Goerzen, Don Stewart　著、山下 伸夫、伊東 勝利、株式会社タイムインターメディア　訳 ",2009-10-24,720
175,ソフトウェアアーキテクトが知るべき97のこと,https://www.oreilly.co.jp/books/9784873114293/,Richard Monson-Haefel　編、鈴木 雄介　監修、長尾 高弘　訳,2009-10-03,246
176,ビューティフルアーキテクチャ,https://www.oreilly.co.jp/books/9784873114309/,Diomidis Spinellis、Georgios Gousios　編、久野 禎子、久野 靖　訳,2009-11-26,442
177,オプティマイジングWebサイト,https://www.oreilly.co.jp/books/9784873114316/,Andrew B. King　著、山名 早人　監訳、原 隆文　訳,2009-12-18,424
178,ウェブアプリケーションのためのユニバーサルデザイン,https://www.oreilly.co.jp/books/9784873114323/,Wendy Chisholm、 Matt May　著、水野 貴明　訳,2009-12-18,260
179,Make: Technology on Your Time Volume 09,https://www.oreilly.co.jp/books/9784873114330/,オライリー・ジャパン　編,2010-01-26,176
180,デザイニング・ウェブインターフェース,https://www.oreilly.co.jp/books/9784873114347/,Bill Scott、Theresa Neil　著、浅野 紀予　監訳、高橋 信夫　訳,2009-12-26,332
181,並行コンピューティング技法,https://www.oreilly.co.jp/books/9784873114354/,Clay Breshears　著、千住 治郎　訳,2009-12-19,284
182,詳解 ActionScript 3.0アニメーション,https://www.oreilly.co.jp/books/9784873114378/,Keith Peters　著、相川 愛三　訳,2010-01-23,484
183,Head First Rails,https://www.oreilly.co.jp/books/9784873114385/,David Griffiths　著 、松田 明　監訳 、児島 修　訳 ,2010-01-16,464
184,実用Git,https://www.oreilly.co.jp/books/9784873114408/,Jon Loeliger　著、吉藤 英明　監訳、本間 雅洋、渡邉 健太郎、浜本 階生　訳,2010-02-18,372
185,Head Firstネットワーク,https://www.oreilly.co.jp/books/9784873114439/,"Al Anderson, Ryan Benedetti　著、木下 哲也　訳",2010-02-26,536
186,Head First PHP & MySQL,https://www.oreilly.co.jp/books/9784873114446/,"Lynn Beighley, Michael Morrison　著、佐藤 嘉一　訳",2010-03-25,672
187,Rubyベストプラクティス,https://www.oreilly.co.jp/books/9784873114453/,Gregory Brown著、高橋 征義　監訳、笹井 崇司　訳,2010-03-25,364
188,続・ハイパフォーマンスWebサイト,https://www.oreilly.co.jp/books/9784873114460/,Steve Souders　著 、武舎 広幸、福地 太郎、武舎 るみ　訳,2010-04-09,324
189,マスタリングXMPP,https://www.oreilly.co.jp/books/9784873114477/,Peter Saint-Andre、Kevin Smith、Remko Troncon　著、牧野 聡　訳,2010-04-17,324
190,リバースエンジニアリング,https://www.oreilly.co.jp/books/9784873114484/,Justin Seitz　著、安藤 慶一　訳,2010-05-21,272
191,デコンパイリングJava,https://www.oreilly.co.jp/books/9784873114491/,Godfrey Nolan　著、松田 晃一、小沼 千絵、湯浅 龍太　訳,2010-06-02,312
192,正規表現クックブック,https://www.oreilly.co.jp/books/9784873114507/,"Jan Goyvaerts, Steven Levithan　著、長尾 高弘　訳 ",2010-04-14,552
193,セキュリティの神話,https://www.oreilly.co.jp/books/9784873114514/,John Viega　著、葛野 弘樹　監訳、夏目 大　訳,2010-04-24,304
194,セマンティックWeb プログラミング,https://www.oreilly.co.jp/books/9784873114521/,"Toby Segaran, Colin Evans, Jamie Taylor　著、大向 一輝、加藤 文彦、中尾 光輝、山本 泰智　監訳、玉川 竜司　訳",2010-06-25,312
195,Mad Science,https://www.oreilly.co.jp/books/9784873114545/,Theodore Gray　著、高橋 信夫　訳,2010-05-22,240
196,アナライジング・マルウェア,https://www.oreilly.co.jp/books/9784873114552/,新井 悠、岩村 誠、川古谷 裕平、青木 一史、星澤 裕二　著,2010-12-18,264
197,Android Hacks,https://www.oreilly.co.jp/books/9784873114569/,株式会社ブリリアントサービス　著,2010-09-03,568
198,Make: Technology on Your Time Volume 10,https://www.oreilly.co.jp/books/9784873114576/,オライリー・ジャパン　編,2010-08-25,172
199,クラウド セキュリティ & プライバシー,https://www.oreilly.co.jp/books/9784873114583/,Tim Mather、Subra Kumaraswamy、Shahed Latif　著、下道 高志　監訳、笹井 崇司　訳,2010-06-12,314
200,ビューティフルセキュリティ,https://www.oreilly.co.jp/books/9784873114590/,Andy Oram、John Viega　編、伊藤 真浩　訳,2010-06-26,352
201,アプレンティスシップ・パターン,https://www.oreilly.co.jp/books/9784873114606/,"Dave H. Hoover, Adewale Oshineye　著、柴田 芳樹　訳",2010-07-07,216
202,iPhoneアプリケーション開発ガイド,https://www.oreilly.co.jp/books/9784873114613/,Jonathan Stark　著、増井 俊之　監訳、牧野 聡　訳,2010-08-06,208
203,iPhone/iPadゲーム開発ガイド,https://www.oreilly.co.jp/books/9784873114620/,Paul Zirkle、Joe Hogue　著、松田 白朗　監訳、武舎 広幸、阿部 和也、武舎 るみ　訳,2010-09-03,304
204,初めてのコンピュータサイエンス,https://www.oreilly.co.jp/books/9784873114637/,"Jennifer Campbell, Paul Gries, Jason Montojo, Greg Wilson　著、長尾 高弘　訳",2010-07-22,356
205,Head Firstデータ解析,https://www.oreilly.co.jp/books/9784873114644/,Michael Milton　著、大橋 真也　監訳、木下 哲也　訳,2010-07-09,480
206,Erlangプログラミング,https://www.oreilly.co.jp/books/9784873114651/,Francesco Cesarini、Simon Thompson　著、佐藤 嘉一　訳,2010-07-24,508
207,プログラミングF#,https://www.oreilly.co.jp/books/9784873114668/,Chris Smith　著、鈴木 幸敏　訳、頃末 和義　技術監修,2010-08-25,436
208,JavaによるRESTfulシステム構築,https://www.oreilly.co.jp/books/9784873114675/,Bill Burke　著、arton　監訳、菅野 良二　訳,2010-08-21,348
209,jQueryクックブック,https://www.oreilly.co.jp/books/9784873114682/,jQuery Community Experts　著、株式会社クイープ　訳,2010-08-17,480
210,初めてのプログラミング 第2版,https://www.oreilly.co.jp/books/9784873114699/,Chris Pine　著、長尾 高弘　訳,2010-09-18,232
211,入門 自然言語処理,https://www.oreilly.co.jp/books/9784873114705/,Steven Bird、Ewan Klein、Edward Loper　著、萩原 正人、中山 敬広、水野 貴明　訳,2010-11-10,592
212,言語設計者たちが考えること,https://www.oreilly.co.jp/books/9784873114712/,Federico Biancuzzi、Shane Warden　編、伊藤 真浩、頃末 和義、佐藤 嘉一、鈴木 幸敏、村上 雅章　訳,2010-09-25,536
213,iOS SDK Hacks,https://www.oreilly.co.jp/books/9784873114729/,吉田 悠一、高山 征大、UICoderz　著,2010-10-22,196
214,パブリックスピーカーの告白,https://www.oreilly.co.jp/books/9784873114736/,Scott Berkun　著、酒匂 寛　訳,2010-10-26,240
215,ビューティフルテスティング,https://www.oreilly.co.jp/books/9784873114743/,Tim Riley、Adam Goucher　編、大西 建児　監訳、児島 修　訳,2010-10-26,376
216,プログラミングGoogle App Engine,https://www.oreilly.co.jp/books/9784873114750/,Dan Sanderson　著、玉川 竜司　訳,2011-01-22,392
217,検索と発見のためのデザイン,https://www.oreilly.co.jp/books/9784873114767/,"Peter Morville, Jeffery Callender　著、浅野 紀予　訳",2010-11-25,208
218,Make: Electronics,https://www.oreilly.co.jp/books/9784873114774/,Charles Platt　著、鴨澤 眞夫　訳,2010-11-27,344
219,PHP: The Good Parts,https://www.oreilly.co.jp/books/9784873114781/,Peter B. MacIntyre　著、長尾 高弘　訳,2010-12-08,176
220,プログラマが知るべき97のこと,https://www.oreilly.co.jp/books/9784873114798/,Kevlin Henney編、和田 卓人　監修、夏目 大　訳,2010-12-17,276
221,プログラミング Windows Azure,https://www.oreilly.co.jp/books/9784873114804/,Sriram Krishnan　著、安納 順一、砂金 信一郎、佐藤 直樹、関田 文雄、野村 一行　監訳、玉川 竜司　訳,2011-02-26,372
222,プログラミングScala,https://www.oreilly.co.jp/books/9784873114811/,Dean Wampler、Alex Payne　著、株式会社オージス総研 オブジェクトの広場編集部　訳,2011-01-19,544
223,入門 HTML5,https://www.oreilly.co.jp/books/9784873114828/,Mark Pilgrim　著、矢倉 眞隆　監訳、水原 文　訳,2011-04-22,256
224,Mathematicaクックブック,https://www.oreilly.co.jp/books/9784873114835/,Sal Mangano　著、松田 裕幸　訳,2011-04-23,672
225,iPhone 3Dプログラミング,https://www.oreilly.co.jp/books/9784873114842/,Philip Rideout　著、安藤 幸央　監訳、阿部 和也、武舎 広幸　訳,2011-03-18,464
226,Androidアプリケーション開発ガイド,https://www.oreilly.co.jp/books/9784873114866/,Jonathan Stark　著、増井 俊之　監訳、牧野 聡　訳,2011-02-23,224
227,Java: The Good Parts,https://www.oreilly.co.jp/books/9784873114873/,Jim Waldo　著、矢野 勉　監訳、笹井 崇司　訳,2011-02-23,208
228,JavaScriptパターン,https://www.oreilly.co.jp/books/9784873114880/,Stoyan Stefanov　著、豊福 剛　訳,2011-02-15,244
229,ビューティフルデータ,https://www.oreilly.co.jp/books/9784873114897/,Toby Segaran、Jeff Hammerbacher　編、堀内 孝彦、真鍋 加奈子、苅谷 潤、小俣 仁美、篠崎 誠　訳,2011-02-26,400
230,ハイパフォーマンスJavaScript,https://www.oreilly.co.jp/books/9784873114903/,Nicholas C. Zakas　著、水野 貴明　訳,2011-03-19,248
231,Make: Technology on Your Time Volume 11,https://www.oreilly.co.jp/books/9784873114910/,オライリー・ジャパン編,2011-04-23,176
232,大規模Webアプリケーション開発入門,https://www.oreilly.co.jp/books/9784873114927/,Kyle Loudon　著、河村 圭介　監訳、木下 哲也　訳,2011-03-24,320
233,ウェブオペレーション,https://www.oreilly.co.jp/books/9784873114934/,John Allspaw、Jesse Robbins　編、角 征典　訳,2011-05-14,278
234,JavaScriptクックブック,https://www.oreilly.co.jp/books/9784873114941/,Shelley Powers　著、株式会社クイープ　訳,2011-04-22,572
235,アート・オブ・コミュニティ,https://www.oreilly.co.jp/books/9784873114958/,Jono Bacon　著、渋川 よしき　訳,2011-05-25,336
236,初めてのOpenGL ES,https://www.oreilly.co.jp/books/9784873114965/,山下 武志 著,2011-07-21,270
237,Firefox Hacks Rebooted,https://www.oreilly.co.jp/books/9784873114972/,浅井 智也、池田 譲治、小山田 昌史、五味渕 大賀、下田 洋志、寺田 真、松澤 太郎　著,2011-10-26,504
238,子どもが体験するべき50の危険なこと,https://www.oreilly.co.jp/books/9784873114989/,Gever Tulley、Julie Spiegler　著、金井 哲夫　訳,2011-05-25,184
239,Being Geek,https://www.oreilly.co.jp/books/9784873114996/,Michael Lopp　著、夏目 大　訳,2011-06-24,368
240,Made by Hand,https://www.oreilly.co.jp/books/9784873115009/,Mark Frauenfelder　著、金井 哲夫　訳,2011-06-25,246
241,Linuxカーネル Hacks,https://www.oreilly.co.jp/books/9784873115016/,池田 宗広、大岩 尚宏、島本 裕志、竹部 晶雄、平松 雅巳　著、高橋 浩和　監修,2011-07-26,564
242,iPhoneアプリ設計の極意,https://www.oreilly.co.jp/books/9784873115023/,Josh Clark　著、深津 貴之　監訳、武舎 広幸、武舎 るみ　訳,2011-06-18,320
243,ビューティフルビジュアライゼーション,https://www.oreilly.co.jp/books/9784873115047/,Julie Steele、Noah Iliinsky　編、増井 俊之　監訳、牧野 聡　訳,2011-10-26,400
244,ゲームストーミング,https://www.oreilly.co.jp/books/9784873115054/,"Dave Gray, Sunni Brown, James Macanufo　著、野村 恭彦　監訳、武舎 広幸、武舎 るみ　訳",2011-08-20,302
245,Unityによる3Dゲーム開発入門,https://www.oreilly.co.jp/books/9784873115061/,宮川 義之、武藤 太輔　著,2011-09-10,432
246,実践 Qt 4プログラミング,https://www.oreilly.co.jp/books/9784873115078/,Mark Summerfield　著 、杉田 研治、山田 亮介　訳,2012-04-25,536
247,Enterprise JavaBeans 3.1 第6版,https://www.oreilly.co.jp/books/9784873115085/,Andrew Lee Rubinger、Bill Burke　著、木下 哲也　訳、佐藤 直生　監訳,2011-08-26,452
248,プロジェクト・マネジャーが知るべき97のこと,https://www.oreilly.co.jp/books/9784873115108/,Barbee Davis　編、神庭 弘年　監修、笹井 崇司　訳,2011-11-29,268
249,Making Software,https://www.oreilly.co.jp/books/9784873115115/,Andy Oram、Greg Wilson　編、久野 禎子、久野 靖　訳,2011-09-24,612
250,Hadoop MapReduce デザインパターン,https://www.oreilly.co.jp/books/9784873115122/,"Jimmy Lin, Chris Dyer　著、神林 飛志、野村 直之　監修、玉川 竜司　訳",2011-10-01,210
251,Hacking：美しき策謀 第2版,https://www.oreilly.co.jp/books/9784873115146/,Jon Erickson　著、村上 雅章　訳,2011-10-22,564
252,マーカス・チャウンの太陽系図鑑,https://www.oreilly.co.jp/books/9784873115160/,マーカス・チャウン　著、糸川 洋　訳,2012-04-21,224
253,jQuery Mobile,https://www.oreilly.co.jp/books/9784873115269/,Jon Reid　著、渡邉 真人、白石 俊平　監訳、牧野 聡　訳,2011-12-22,192
254,HTML5 Canvas,https://www.oreilly.co.jp/books/9784873115276/,Steve Fulton、Jeff Fulton　著、安藤 慶一　訳,2012-01-21,384
255,JavaScriptグラフィックス,https://www.oreilly.co.jp/books/9784873115283/,Raffaele Cecco　著、相川 愛三　訳,2012-03-16,288
256,Cassandra,https://www.oreilly.co.jp/books/9784873115290/,Eben Hewitt　著、大谷 晋平、小林 隆　訳,2011-12-24,368
257,XBeeで作るワイヤレスセンサーネットワーク,https://www.oreilly.co.jp/books/9784873115306/,Robert Faludi　著、小林 茂　監訳、水原 文　訳,2011-12-09,348
258,デザイニング・インターフェース 第2版,https://www.oreilly.co.jp/books/9784873115313/,Jenifer Tidwell　著、ソシオメディア株式会社　監訳、浅野 紀予　訳,2011-12-24,592
259,言語実装パターン,https://www.oreilly.co.jp/books/9784873115320/,Terence Parr　著、中田 育男　監訳、伊藤 真浩　訳,2011-12-24,352
260,Rクックブック,https://www.oreilly.co.jp/books/9784873115337/,Paul Teetor　著、大橋 真也　監訳、木下 哲也　訳,2011-12-22,374
261,Jenkins,https://www.oreilly.co.jp/books/9784873115344/,John Ferguson Smart　著、Sky株式会社 玉川 竜司　訳,2012-02-22,412
262,プログラミングAndroid,https://www.oreilly.co.jp/books/9784873115351/,"Zigurd Mednieks, Laird Dornin, G. Blake Meike, Masumi Nakamura　著 、永井 勝則　訳",2012-02-17,532
263,Making Things Move,https://www.oreilly.co.jp/books/9784873115368/,Dustyn Roberts　著、岩崎 修　監修、金井 哲夫　訳,2012-03-24,320
264,実践 Metasploit,https://www.oreilly.co.jp/books/9784873115382/,David Kennedy、Jim O'Gorman、Devon Kearns、Mati Aharoni　著、青木 一史、秋山 満昭、岩村 誠、川古谷 裕平、川島 祐樹、辻 伸弘、宮本 久仁男　監訳 、岡 真由美　訳,2012-05-23,368
265,Python & AWS クックブック,https://www.oreilly.co.jp/books/9784873115436/,Mitch Garnaat　著、成田 昇司、株式会社トップスタジオ　訳,2012-07-17,81
266,Hadoop Hacks,https://www.oreilly.co.jp/books/9784873115467/,中野 猛、山下 真一、猿田 浩輔、上新 卓也、小林 隆　著,2012-04-25,434
267,HTML5クックブック,https://www.oreilly.co.jp/books/9784873115474/,Christopher Schmitt、Kyle Simpson　著、株式会社クイープ　訳,2012-06-22,288
268,実践 スマートフォンアプリケーション開発,https://www.oreilly.co.jp/books/9784873115481/,株式会社ブリリアントサービス、八木 俊広、原 昇平、かわかみ ひろき　著,2012-10-24,580
269,PDF構造解説,https://www.oreilly.co.jp/books/9784873115498/,John Whitington　著、村上 雅章　訳,2012-05-25,248
270,JavaScriptリファレンス 第6版,https://www.oreilly.co.jp/books/9784873115535/,David Flanagan　著、木下 哲也　訳,2012-08-10,392
271,ステートフルJavaScript,https://www.oreilly.co.jp/books/9784873115542/,Alex MacCaw　著、牧野 聡　訳,2012-06-09,304
272,FabLife,https://www.oreilly.co.jp/books/9784873115559/,田中 浩也　著,2012-06-09,224
273,Make: Technology on Your Time Volume 12,https://www.oreilly.co.jp/books/9784873115566/,オライリー・ジャパン編,2012-11-24,176
274,インタフェースデザインの心理学,https://www.oreilly.co.jp/books/9784873115573/,Susan Weinschenk　著、武舎 広幸、武舎 るみ、阿部 和也　訳,2012-07-14,288
275,「レベルアップ」のゲームデザイン,https://www.oreilly.co.jp/books/9784873115634/,Scott Rogers　著、塩川 洋介　監訳、佐藤 理絵子　訳,2012-08-18,524
276,リーダブルコード,https://www.oreilly.co.jp/books/9784873115658/,Dustin Boswell、Trevor Foucher　著、角 征典　訳,2012-06-23,260
277,HBase,https://www.oreilly.co.jp/books/9784873115665/,Lars George　著、Sky株式会社 玉川 竜司　訳,2012-07-25,584
278,ゲームクリエイターが知るべき97のこと,https://www.oreilly.co.jp/books/9784873115702/,吉岡 直人　編,2012-11-05,224
279,プログラマのためのサバイバルマニュアル,https://www.oreilly.co.jp/books/9784873115719/,Josh Carter　著、長尾 高弘　訳,2012-08-22,260
280,JavaScript 第6版,https://www.oreilly.co.jp/books/9784873115733/,David Flanagan　著、村上 列　訳,2012-08-10,840
281,入門 Androidアプリケーションテスト,https://www.oreilly.co.jp/books/9784873115788/,瀬戸 直喜／株式会社ブリリアントサービス　著,2013-05-25,336
282,アート・オブ・Rプログラミング,https://www.oreilly.co.jp/books/9784873115795/,Norman Matloff　著、大橋 真也　監訳、木下 哲也　訳,2012-09-26,392
283,Amazon Web Servicesプログラミング,https://www.oreilly.co.jp/books/9784873115818/,Jurg van Vliet、Flavia Paganelli、Steven van Wel、Dara Dowd　 著、玉川 憲　監修、Sky株式会社 玉川 竜司　訳,2012-09-20,348
284,カンフーマック,https://www.oreilly.co.jp/books/9784873115825/,Keir Thomas　著、武舎 広幸　訳,2012-10-24,352
285,初めてのiOSプログラミング 第2版,https://www.oreilly.co.jp/books/9784873115832/,Alasdair Allan　著、永井 勝則　訳,2012-10-20,424
286,Mahoutイン・アクション,https://www.oreilly.co.jp/books/9784873115849/,"Sean Owen, Robin Anil, Ted Dunning, Ellen Friedman　著、伊東 直子、真鍋 加奈子、堀内 孝彦、都元 ダイスケ　訳",2012-10-26,448
287,Linuxプログラミングインタフェース,https://www.oreilly.co.jp/books/9784873115856/,Michael Kerrisk　著、千住 治郎　訳,2012-12-01,1604
288,MySQLトラブルシューティング,https://www.oreilly.co.jp/books/9784873115863/,Sveta Smirnova　著、豊福 剛　訳,2012-10-13,288
289,Land of Lisp,https://www.oreilly.co.jp/books/9784873115870/,"Conrad Barski, M.D.　著、川合 史朗　訳",2013-02-23,512
290,Fab,https://www.oreilly.co.jp/books/9784873115887/,Neil Gershenfeld　著、田中 浩也　監修、糸川 洋　訳,2012-12-01,264
291,SQLアンチパターン,https://www.oreilly.co.jp/books/9784873115894/,Bill Karwin　著、和田 卓人、和田 省二　監訳、児島 修　訳,2013-01-26,352
292,MongoDBイン・アクション,https://www.oreilly.co.jp/books/9784873115900/,Kyle Banker　著、Sky株式会社 玉川 竜司　訳,2012-12-14,380
293,Running Lean,https://www.oreilly.co.jp/books/9784873115917/,アッシュ・マウリャ 著、角 征典　訳、渡辺 千賀　解説、エリック・リース　シリーズエディタ,2012-12-21,278
294,実践 jQuery Mobile,https://www.oreilly.co.jp/books/9784873115924/,Maximiliano Firtman　著、白石 俊平　監訳、牧野 聡　訳,2013-01-19,288
295,デバッグの理論と実践,https://www.oreilly.co.jp/books/9784873115931/,Andreas Zeller　著、中田 秀基　監訳、今田 昌宏、大岩 尚宏、竹田 香苗、宮原 久美子、宗形 紗織　訳,2012-12-22,444
296,入門 機械学習,https://www.oreilly.co.jp/books/9784873115948/,Drew Conway、John Myles White　著、萩原 正人、奥野 陽、水野 貴明、木下 哲也　訳,2012-12-22,344
297,Handmade Electronic Music,https://www.oreilly.co.jp/books/9784873115955/,Nicolas Collins　著、久保田 晃弘　監訳、船田 巧　訳,2013-01-26,352
298,入門 モダンJavaScript,https://www.oreilly.co.jp/books/9784873116051/,Larry Ullman　著、永井 勝則　訳,2013-02-23,524
299,Nodeクックブック,https://www.oreilly.co.jp/books/9784873116068/,David Mark Clements　著、和田 祐一郎　訳,2013-02-23,380
300,実践 コンピュータビジョン,https://www.oreilly.co.jp/books/9784873116075/,Jan Erik Solem　著、相川 愛三　訳,2013-03-23,288
301,インタフェースデザインの実践教室,https://www.oreilly.co.jp/books/9784873116082/,Lukas Mathis　著、武舎 広幸、武舎 るみ　訳,2013-04-17,332
302,Head First C,https://www.oreilly.co.jp/books/9784873116099/,David Griffiths、Dawn Griffiths　著、中田 秀基　監訳、木下 哲也　訳,2013-04-03,604
303,メンテナブルJavaScript,https://www.oreilly.co.jp/books/9784873116105/,Nicholas C. Zakas　著、豊福 剛　訳,2013-03-06,256
304,Making Things See,https://www.oreilly.co.jp/books/9784873116112/,Greg Borenstein　著、藤本 直明　監修、水原 文　訳,2013-03-26,456
305,テスト駆動開発による組み込みプログラミング,https://www.oreilly.co.jp/books/9784873116143/,James W. Grenning　著、蛸島 昭之　監訳、笹井 崇司　訳,2013-04-24,388
306,RとRubyによるデータ解析入門,https://www.oreilly.co.jp/books/9784873116150/,Sau Sheong Chang　著、瀬戸山 雅人、河内 崇、高野 雅典、橋本 吉治　訳,2013-04-26,284
307,実践 Fiddler,https://www.oreilly.co.jp/books/9784873116167/,Eric Lawrence　著、日本マイクロソフト株式会社 エバンジェリスト 物江 修　監訳、長尾 高弘　訳,2013-05-25,320
308,プログラミング Hive,https://www.oreilly.co.jp/books/9784873116174/,Edward Capriolo、Dean Wampler、Jason Rutherglen　著、Sky株式会社 玉川 竜司　訳,2013-06-15,424
309,JavaScriptデザインパターン,https://www.oreilly.co.jp/books/9784873116181/,Addy Osmani　著、豊福 剛、サイフォン合同会社　訳,2013-05-25,282
310,コネクト,https://www.oreilly.co.jp/books/9784873116198/,Dave Gray、Thomas Vander Wal　著、野村 恭彦　監訳、牧野 聡　訳,2013-07-20,318
311,「タッチパネル」のゲームデザイン,https://www.oreilly.co.jp/books/9784873116204/,Scott Rogers　著、塩川 洋介　監訳、佐藤 理絵子　訳,2013-08-17,392
312,開眼！ JavaScript,https://www.oreilly.co.jp/books/9784873116211/,Cody Lindley　著、和田 祐一郎　訳,2013-06-19,196
313,ゲームクリエイターが知るべき97のこと 2,https://www.oreilly.co.jp/books/9784873116228/,NPO法人IGDA日本　小野 憲史　編,2013-08-23,216
314,NFC Hacks,https://www.oreilly.co.jp/books/9784873116242/,株式会社ブリリアントサービス　著,2013-11-30,280
315,続・初めてのPerl 改訂第2版,https://www.oreilly.co.jp/books/9784873116280/,Randal L. Schwartz、brian d foy、Tom Phoenix　著、伊藤 直也　監訳、長尾 高弘　訳,2013-08-21,432
316,Hadoop 第3版,https://www.oreilly.co.jp/books/9784873116297/,Tom White　著、Sky株式会社 玉川 竜司、兼田 聖士　訳,2013-07-26,736
317,Team Geek,https://www.oreilly.co.jp/books/9784873116303/,Brian W. Fitzpatrick、Ben Collins-Sussman　著、角 征典　訳,2013-07-20,228
318,オープンデザイン,https://www.oreilly.co.jp/books/9784873116310/,Bas van Abel、Lucas Evers、Roel Klaassen、Peter Troxler　編、田中 浩也　監訳、川本 大功、巾嶋 良幸、古賀 稔章、水野 祐、岩倉 悠子、菊地 開司　訳,2013-08-24,380
319,3D Printing Handbook,https://www.oreilly.co.jp/books/9784873116327/,平本 知樹、神田 沙織　著,2014-04-26,196
320,初めてのPHP、MySQL、JavaScript＆CSS 第2版,https://www.oreilly.co.jp/books/9784873116334/,Robin Nixon　著、永井 勝則　訳,2013-08-21,604
321,入門 データ構造とアルゴリズム,https://www.oreilly.co.jp/books/9784873116341/,Narasimha Karumanchi　著、黒川 利明、木下 哲也　訳,2013-08-24,554
322,テスタブルJavaScript,https://www.oreilly.co.jp/books/9784873116358/,Mark Ethan Trostler　著、牧野 聡　訳,2013-09-21,304
323,ギークマム,https://www.oreilly.co.jp/books/9784873116365/,Natania Barron、Kathy Ceceri、Corrina Lawson、Jenny Wiliams　著、堀越 英美、星野 靖子　訳,2013-10-26,280
324,実践ハイパフォーマンスMySQL 第3版,https://www.oreilly.co.jp/books/9784873116389/,Baron Schwartz、Peter Zaitsev、Vadim Tkachenko　著、菊池 研自　監訳、株式会社クイープ　訳,2013-11-25,864
325,イプシロン・ザ・ロケット,https://www.oreilly.co.jp/books/9784873116396/,西澤 丞　写真,2013-11-12,112
326,バッドデータハンドブック,https://www.oreilly.co.jp/books/9784873116402/,Q. Ethan McCallum　著、磯 蘭水　監訳、笹井 崇司　訳,2013-09-26,310
327,入門 Unix for OS X 第5版,https://www.oreilly.co.jp/books/9784873116440/,Dave Taylor　著、酒井 皇治　訳,2013-10-26,312
328,マスタリングNginx,https://www.oreilly.co.jp/books/9784873116457/,Dimitri Aivaliotis　著、高橋 基信　訳,2013-10-26,244
329,インタラクティブ・データビジュアライゼーション,https://www.oreilly.co.jp/books/9784873116464/,Scott Murray　著、長尾 高弘　訳,2014-02-19,296
330,HTML5 Hacks,https://www.oreilly.co.jp/books/9784873116471/,Jesse Cravens、Jeff Burtoft　著、出葉 義治　訳、大岩 尚宏　技術監修,2013-10-26,472
331,プログラミングC# 第7版,https://www.oreilly.co.jp/books/9784873116501/,Ian Griffiths　著、鈴木 幸敏、風間 一洋、木村 英一、黒川 利明、頃末 和義、佐藤 嘉一、出葉 義治、西山 博泰、稲垣 達夫　訳,2013-11-29,768
332,Rクイックリファレンス 第2版,https://www.oreilly.co.jp/books/9784873116518/,Joseph Adler　著、大橋 真也、木下 哲也　訳,2014-01-25,860
333,Hadoopオペレーション,https://www.oreilly.co.jp/books/9784873116525/,Eric Sammer　著、Sky株式会社 玉川 竜司　訳,2013-11-27,352
334,Rグラフィックスクックブック,https://www.oreilly.co.jp/books/9784873116532/,Winston Chang　著、石井 弓美子、河内 崇、瀬戸山 雅人、古畠 敦　訳,2013-11-30,432
335,詳説 Cポインタ,https://www.oreilly.co.jp/books/9784873116563/,Richard Reese　著、菊池 彰　訳,2013-12-26,248
336,説得とヤル気の科学,https://www.oreilly.co.jp/books/9784873116570/,Susan Weinschenk　著、武舎 広幸、武舎 るみ　訳,2014-01-16,288
337,Backbone.jsアプリケーション開発ガイド,https://www.oreilly.co.jp/books/9784873116587/,Addy Osmani　著、牧野 聡　訳,2014-02-07,372
338,マイクロインタラクション,https://www.oreilly.co.jp/books/9784873116594/,Dan Saffer　著、武舎 広幸、武舎 るみ　訳,2014-03-19,240
339,JavaScriptで学ぶ関数型プログラミング,https://www.oreilly.co.jp/books/9784873116600/,Michael Fogus　著、和田 祐一郎　訳,2014-01-18,352
340,入門 Webゲーム開発,https://www.oreilly.co.jp/books/9784873116648/,Evan Burchard　著、永井 勝則　訳,2014-03-22,356
341,実践 Vagrant,https://www.oreilly.co.jp/books/9784873116655/,Mitchell Hashimoto　著、Sky株式会社 玉川 竜司　訳,2014-02-21,248
342,Mad Science 2,https://www.oreilly.co.jp/books/9784873116662/,Theodore Gray　著、高橋 信夫　訳,2014-03-25,188
343,AngularJSアプリケーション開発ガイド,https://www.oreilly.co.jp/books/9784873116679/,Brad Green、Shyam Seshadri　著、牧野 聡　訳,2014-04-18,220
344,プログラミングPHP 第3版,https://www.oreilly.co.jp/books/9784873116686/,Kevin Tatroe、Peter MacIntyre、Rasmus Lerdorf　著、高木 正弘　訳,2014-03-25,416
345,アルゴリズムパズル,https://www.oreilly.co.jp/books/9784873116693/,Anany Levitin、Maria Levitin　著、黒川 洋、松崎 公紀　訳,2014-04-26,336
346,実践 Android Developer Tools,https://www.oreilly.co.jp/books/9784873116709/,Mike Wolfson　著、長尾 高弘　訳,2014-04-23,260
347,アジャイルデータサイエンス,https://www.oreilly.co.jp/books/9784873116716/,Russell Jurney　著、Sky株式会社 玉川 竜司　訳,2014-04-25,236
348,シングルページWebアプリケーション,https://www.oreilly.co.jp/books/9784873116730/,Michael S. Mikowski、Josh C. Powell　著、佐藤 直生　監訳、木下 哲也　訳,2014-05-24,498
349,入門 iOS SDK,https://www.oreilly.co.jp/books/9784873116747/,Matt Neuburg　著、武舎 広幸、阿部 和也、河村 政雄　訳,2014-06-21,400
350,詳解 iOS SDK 第4版,https://www.oreilly.co.jp/books/9784873116754/,Matt Neuburg　著、武舎 広幸、阿部 和也、河村 政雄、上西 昌弘、福地 太郎　訳,2014-12-19,752
351,ハイパフォーマンス ブラウザネットワーキング,https://www.oreilly.co.jp/books/9784873116761/,Ilya Grigorik　著、和田 祐一郎／株式会社プログラミングシステム社　訳,2014-05-16,380
352,「もの」はどのようにつくられているのか？,https://www.oreilly.co.jp/books/9784873116778/,Chris Lefteri　著、田中 浩也　監訳、水原 文　訳,2014-05-24,300
353,詳解 WordPress,https://www.oreilly.co.jp/books/9784873116785/,プライム・ストラテジー株式会社　著,2015-04-25,204
354,入門 ソーシャルデータ 第2版,https://www.oreilly.co.jp/books/9784873116792/,Matthew A. Russell　著、佐藤 敏紀、瀬戸口 光宏、原川 浩一　監訳、長尾 高弘　訳,2014-06-21,460
355,Makerムーブメント宣言,https://www.oreilly.co.jp/books/9784873116808/,Mark Hatch　著、金井 哲夫　訳,2014-07-24,268
356,オブジェクト指向JavaScriptの原則,https://www.oreilly.co.jp/books/9784873116815/,Nicholas C. Zakas　著、和田 祐一郎　訳,2014-06-18,200
357,おもしろいゲームシナリオの作り方,https://www.oreilly.co.jp/books/9784873116822/,Josiah Lebowitz、Chris Klug　著、塩川 洋介　監訳、佐藤 理絵子　訳,2014-08-26,424
358,word2vecによる自然言語処理,https://www.oreilly.co.jp/books/9784873116839/,西尾泰和　著,2014-05-16,86
359,エンジニアのためのフィードバック制御入門,https://www.oreilly.co.jp/books/9784873116846/,Philipp K. Janert　著、野原 勉　監訳、星 義克、米元 謙介　訳,2014-07-26,344
360,戦略的データサイエンス入門,https://www.oreilly.co.jp/books/9784873116853/,Foster Provost、Tom Fawcett　著、竹田 正和　監訳、古畠 敦、瀬戸山 雅人、大木 嘉人、藤野 賢祐、宗定 洋平、西谷 雅史、砂子 一徳、市川 正和、佐藤 正士　訳,2014-07-19,456
361,Web API: The Good Parts,https://www.oreilly.co.jp/books/9784873116860/,水野 貴明　著,2014-11-21,224
362,プログラミング HTML5 Canvas,https://www.oreilly.co.jp/books/9784873116877/,David Geary　著、永井 勝則　訳,2014-07-19,624
363,Python文法詳解,https://www.oreilly.co.jp/books/9784873116884/,石本 敦夫　著,2014-09-18,332
364,Haskellによる並列・並行プログラミング,https://www.oreilly.co.jp/books/9784873116891/,Simon Marlow　著、山下 伸夫、山本 和彦、田中 英行　訳,2014-08-21,328
365,モダンWeb,https://www.oreilly.co.jp/books/9784873116921/,Peter Gasston　著、牧野 聡　訳,2014-09-10,284
366,ZooKeeperによる分散システム管理,https://www.oreilly.co.jp/books/9784873116938/,Flavio Junqueira、Benjamin Reed　著、中田 秀基　訳,2014-10-08,240
367,Think Bayes,https://www.oreilly.co.jp/books/9784873116945/,Allen B. Downey　著、黒川 利明　著,2014-09-06,236
368,実践 Selenium WebDriver,https://www.oreilly.co.jp/books/9784873116952/,Satya Avasarala　著、Sky株式会社 玉川 竜司 　訳,2014-09-18,264
369,Intel Galileoをはじめよう,https://www.oreilly.co.jp/books/9784873116969/,Matt Richardson　著、がじぇぴん 訳,2014-10-11,216
370,アンダースタンディング コンピュテーション,https://www.oreilly.co.jp/books/9784873116976/,Tom Stuart　著、笹田 耕一　監訳、笹井 崇司　訳,2014-09-18,336
371,実践 機械学習システム,https://www.oreilly.co.jp/books/9784873116983/,Willi Richert、Luis Pedro Coelho　著、斎藤 康毅　訳,2014-10-25,288
372,Android KitKat Hacks,https://www.oreilly.co.jp/books/9784873116990/,株式会社ブリリアントサービス　著,2015-01-23,224
373,データ分析によるネットワークセキュリティ,https://www.oreilly.co.jp/books/9784873117003/,Michael Collins　著、中田 秀基　監訳、木下 哲也　訳,2016-06-11,376
374,データサイエンス講義,https://www.oreilly.co.jp/books/9784873117010/,Rachel Schutt、Cathy O'Neil　著、瀬戸山 雅人、石井 弓美子、河内 崇、河内 真理子、古畠 敦、木下 哲也、竹田 正和、佐藤 正士、望月 啓充　訳,2014-10-25,452
375,Diameterプロトコルガイド,https://www.oreilly.co.jp/books/9784873117027/,かもめエンジニアリング株式会社　著,2015-05-22,324
376,モバイルデザインパターン 第2版,https://www.oreilly.co.jp/books/9784873117034/,Theresa Neil　著、深津 貴之　監訳、牧野 聡　訳,2015-02-12,416
377,Javaによる関数型プログラミング,https://www.oreilly.co.jp/books/9784873117041/,Venkat Subramaniam　著、株式会社プログラミングシステム社　訳,2014-10-24,236
378,詳解 Tomcat,https://www.oreilly.co.jp/books/9784873117058/,藤野 圭一　著,2014-12-26,460
379,WordPressによるWebアプリケーション開発,https://www.oreilly.co.jp/books/9784873117065/,Rakhitha Nimesh Ratnayake　著、プライム・ストラテジー株式会社　監訳、長尾 高弘　訳,2014-11-27,364
380,デザイニング・マルチデバイス・エクスペリエンス,https://www.oreilly.co.jp/books/9784873117089/,Michal Levin　著、青木 博信、大木 嘉人、笠原 俊一、瀬戸山 雅人、矢野 類子　訳,2014-12-25,388
381,Serverspec,https://www.oreilly.co.jp/books/9784873117096/,宮下 剛輔　著,2015-01-17,248
382,統計クイックリファレンス 第2版,https://www.oreilly.co.jp/books/9784873117102/,Sarah Boslaugh　著、黒川 利明、木下 哲也、中山 智文、本藤 孝、樋口 匠　訳,2015-01-24,628
383,Lean Analytics,https://www.oreilly.co.jp/books/9784873117119/,アリステア・クロール、ベンジャミン・ヨスコビッツ　著、角 征典　訳、林 千晶　解説、エリック・リース　シリーズエディタ,2015-01-24,400
384,コンピュータシステムの理論と実装,https://www.oreilly.co.jp/books/9784873117126/,Noam Nisan、Shimon Schocken　著、斎藤 康毅　訳,2015-03-25,416
385,Bluetooth Low Energyをはじめよう,https://www.oreilly.co.jp/books/9784873117133/,Kevin Townsend、Carles Cufi;、Akiba、Robert Davidson　著、水原 文　訳,2015-02-25,200
386,グラフデータベース,https://www.oreilly.co.jp/books/9784873117140/,Ian Robinson、Jim Webber、Emil Eifrem　著、佐藤 直生　監訳、木下 哲也　訳,2015-03-25,236
387,RStudioではじめるRプログラミング入門,https://www.oreilly.co.jp/books/9784873117157/,Garrett Grolemund　著、大橋 真也　監訳、長尾 高弘　訳,2015-03-25,276
388,Google BigQuery,https://www.oreilly.co.jp/books/9784873117164/,Jordan Tigani、Siddartha Naidu　著、Sky株式会社 玉川 竜司　訳,2015-03-23,524
389,詳説 イーサネット 第2版,https://www.oreilly.co.jp/books/9784873117171/,Charles E. Spurgeon、Joann Zimmerman　著、三浦 史光　監訳、豊沢 聡　訳,2015-06-10,536
390,Javaパフォーマンス,https://www.oreilly.co.jp/books/9784873117188/,Scott Oaks　著、Acroquest Technology株式会社　監訳、寺田 佳央　監訳、牧野 聡　訳,2015-04-11,448
391,入門 React,https://www.oreilly.co.jp/books/9784873117195/,Frankie Bagnardi、Jonathan Beebe、Richard Feldman、Tom Hallett、Simon Hojberg、Karl Mikkelsen　著、宮崎 空　訳,2015-04-03,280
392,作ることで学ぶ,https://www.oreilly.co.jp/books/9784873117201/,Sylvia Libow Martinez、Gary Stager　著、阿部 和広　監修、酒匂 寛　訳,2015-03-25,400
393,リーン顧客開発,https://www.oreilly.co.jp/books/9784873117218/,シンディ・アルバレス　著、堤 孝志、飯野 将人　監訳、児島 修　訳、エリック・リース　シリーズエディタ,2015-04-25,296
394,トラクション,https://www.oreilly.co.jp/books/9784873117225/,ガブリエル・ワインバーグ、ジャスティン・メアーズ　著、和田 祐一郎　訳,2015-05-23,272
395,Amazing Science,https://www.oreilly.co.jp/books/9784873117232/,Stephen Voltz、Fritz Grobe　著、高橋 信夫　訳,2015-05-23,200
396,データ匿名化手法,https://www.oreilly.co.jp/books/9784873117249/,Khaled El Emam、Luk Arbuckle　著、木村 映善、魔 狸　監訳、笹井 崇司　訳,2015-05-23,272
397,CSS3開発者ガイド 第2版,https://www.oreilly.co.jp/books/9784873117256/,Peter Gasston　著、牧野 聡　訳,2015-07-03,352
398,ティンカリングをはじめよう,https://www.oreilly.co.jp/books/9784873117263/,Karen Wilkinson、Mike Petrich　著、金井 哲夫　訳,2015-06-24,228
399,Cython,https://www.oreilly.co.jp/books/9784873117270/,Kurt W. Smith　著、中田 秀基　監訳、長尾 高弘　訳,2015-06-19,268
400,ヘルシープログラマ,https://www.oreilly.co.jp/books/9784873117287/,Joe Kutner　著、Sky株式会社 玉川 竜司　訳,2015-07-23,296
401,ゲームサウンド制作ガイド,https://www.oreilly.co.jp/books/9784873117294/,Winifred Phillips　著、竹内 雅樹　監訳、宮崎 空　訳,2015-08-26,304
402,実践 JUnit,https://www.oreilly.co.jp/books/9784873117300/,"Jeff Langr, Andy Hunt, Dave Thomas　著、牧野 聡　訳",2015-09-02,272
403,サイバーセキュリティプログラミング,https://www.oreilly.co.jp/books/9784873117317/,Justin Seitz　著、青木 一史、新井 悠、一瀬 小夜、岩村 誠、川古谷 裕平、星澤 裕二　訳,2015-10-24,256
404,ユーザーストーリーマッピング,https://www.oreilly.co.jp/books/9784873117324/,Jeff Patton　著、川口 恭伸　監訳、長尾 高弘　訳,2015-07-25,368
405,Arduinoをはじめよう 第3版,https://www.oreilly.co.jp/books/9784873117331/,Massimo Banzi、Michael Shiloh　著、船田 巧　訳,2015-11-28,260
406,初めてのSpark,https://www.oreilly.co.jp/books/9784873117348/,Holden Karau、Andy Konwinski、Patrick Wendell、Matei Zaharia　著、Sky株式会社 玉川竜司　訳,2015-08-22,312
407,Think Stats 第2版,https://www.oreilly.co.jp/books/9784873117355/,Allen B. Downey　著、黒川 利明、黒川 洋　訳,2015-08-19,272
408,Effective Modern C++,https://www.oreilly.co.jp/books/9784873117362/,Scott Meyers　著、千住 治郎　訳,2015-09-18,364
409,入門 Python 3,https://www.oreilly.co.jp/books/9784873117386/,Bill Lubanovic　著、斎藤 康毅　監訳、長尾 高弘　訳,2015-12-01,600
410,実践 Python 3,https://www.oreilly.co.jp/books/9784873117393/,Mark Summerfield　著、斎藤 康毅　訳,2015-12-01,372
411,ハイパフォーマンスPython,https://www.oreilly.co.jp/books/9784873117409/,Micha Gorelick、Ian Ozsvald　著、相川 愛三　訳,2015-11-20,360
412,コマンドラインではじめるデータサイエンス,https://www.oreilly.co.jp/books/9784873117416/,Jeroen Janssens　著、太田 満久、下田 倫大、増田 泰彦　監訳、長尾 高弘　訳,2015-09-16,272
413,Seleniumデザインパターン & ベストプラクティス,https://www.oreilly.co.jp/books/9784873117423/,Dima Kovalenko　著、玉川 紘子、太田 健一郎　監訳、笹井 崇司　訳,2015-09-18,256
414,メタプログラミングRuby 第2版,https://www.oreilly.co.jp/books/9784873117430/,Paolo Perrotta　著、角 征典　訳,2015-10-10,292
415,Caffeをはじめよう,https://www.oreilly.co.jp/books/9784873117454/,石橋　崇司　著,2015-08-21,144
416,JavaScriptによるデータビジュアライゼーション入門,https://www.oreilly.co.jp/books/9784873117461/,Stephen A. Thomas　著、古籏 一浩　監訳、木下 哲也　訳,2015-10-21,396
417,物を作って生きるには,https://www.oreilly.co.jp/books/9784873117478/,John Baichtal　編、野中 モモ　訳,2015-12-26,304
418,IPythonデータサイエンスクックブック,https://www.oreilly.co.jp/books/9784873117485/,Cyrille Rossant　著、菊池 彰　訳,2015-12-25,508
419,初めてのAndroid 第4版,https://www.oreilly.co.jp/books/9784873117492/,Ed Burnette　著、あんざい ゆき　監訳、長尾 高弘　訳,2016-02-26,256
420,Sparkによる実践データ解析,https://www.oreilly.co.jp/books/9784873117508/,Sandy Ryza、Uri Laserson、Sean Owen、Josh Wills　著、石川 有　監訳、Sky株式会社 玉川 竜司　訳,2016-01-23,330
421,Make: Analog Synthesizers,https://www.oreilly.co.jp/books/9784873117515/,Ray Wilson　著、斉田 一樹／株式会社コルグ　監訳、小池 実、高橋 達也　訳,2017-03-18,180
422,Go言語によるWebアプリケーション開発,https://www.oreilly.co.jp/books/9784873117522/,Mat Ryer　著、鵜飼 文敏　監訳、牧野 聡　訳,2016-01-22,280
423,Pythonチュートリアル 第3版,https://www.oreilly.co.jp/books/9784873117539/,Guido van Rossum　著、鴨澤 眞夫　訳,2016-03-24,260
424,UX戦略,https://www.oreilly.co.jp/books/9784873117546/,Jaime Levy　著、安藤 幸央　監訳、長尾 高弘　訳,2016-05-25,388
425,パフォーマンス向上のためのデザイン設計,https://www.oreilly.co.jp/books/9784873117553/,Lara Callender Hogan　著、西脇 靖紘　監訳、星野 靖子　訳,2016-06-25,236
426,Effective Python,https://www.oreilly.co.jp/books/9784873117560/,Brett Slatkin　著、黒川 利明　訳、石本 敦夫　技術監修,2016-01-23,256
427,UnityによるVRアプリケーション開発,https://www.oreilly.co.jp/books/9784873117577/,Jonathan Linowes　著、高橋 憲一、安藤 幸央、江川 崇、あんどうやすし　訳,2016-08-26,304
428,ゼロから作るDeep Learning,https://www.oreilly.co.jp/books/9784873117584/,斎藤 康毅　著,2016-09-24,320
429,Rパッケージ開発入門,https://www.oreilly.co.jp/books/9784873117591/,Hadley Wickham　著、瀬戸山 雅人、石井 弓美子、古畠 敦　訳,2016-02-05,232
430,マイクロサービスアーキテクチャ,https://www.oreilly.co.jp/books/9784873117607/,Sam Newman　著、佐藤 直生　監訳、木下 哲也　訳,2016-02-26,344
431,PythonによるWebスクレイピング,https://www.oreilly.co.jp/books/9784873117614/,Ryan Mitchell　著、黒川 利明　訳、嶋田 健志　技術監修,2016-03-18,272
432,発酵の技法,https://www.oreilly.co.jp/books/9784873117638/,Sandor Ellix Katz　著、水原 文　訳,2016-04-23,524
433,カンバン仕事術,https://www.oreilly.co.jp/books/9784873117645/,Marcus Hammarberg、Joakim Sunden　著、原田 騎郎、安井 力、吉羽 龍太郎、角 征典、高木 正弘　訳,2016-03-26,364
434,初めてのAnsible,https://www.oreilly.co.jp/books/9784873117652/,Lorin Hochstein　著、Sky株式会社 玉川 竜司　訳,2016-04-16,364
435,CSSシークレット,https://www.oreilly.co.jp/books/9784873117669/,Lea Verou　著、牧野 聡　訳,2016-07-23,384
436,あなたの知らないところでソフトウェアは何をしているのか？,https://www.oreilly.co.jp/books/9784873117676/,V. Anton Spraul　著、原 隆文　訳,2016-05-18,284
437,Pythonからはじめる数学入門,https://www.oreilly.co.jp/books/9784873117683/,Amit Saha　著、黒川 利明　訳,2016-05-21,304
438,リーンブランディング,https://www.oreilly.co.jp/books/9784873117690/,ローラ・ブッシェ 著、堤 孝志、飯野 将人 監訳、児島 修　訳、エリック・リース　シリーズエディタ,2016-08-26,356
439,初めてのThree.js 第2版,https://www.oreilly.co.jp/books/9784873117706/,Jos Dirksen 著、あんどうやすし訳,2016-07-23,416
440,続・インタフェースデザインの心理学,https://www.oreilly.co.jp/books/9784873117713/,Susan Weinschenk　著、武舎 広幸、武舎 るみ、阿部 和也　訳,2016-08-05,320
441,情報アーキテクチャ 第4版,https://www.oreilly.co.jp/books/9784873117720/,Louis Rosenfeld、Peter Morville、Jorge Arango　著、篠原 稔和　監訳、岡 真由美　訳,2016-11-18,540
442,Processingをはじめよう 第2版,https://www.oreilly.co.jp/books/9784873117737/,Casey Reas、Ben Fry　著、船田 巧　訳,2016-09-07,284
443,リーンエンタープライズ,https://www.oreilly.co.jp/books/9784873117744/,ジェズ・ハンブル、ジョアンヌ・モレスキー、バリー・オライリー　著、角 征典　監訳、笹井 崇司　訳、エリック・リース　シリーズエディタ,2016-10-15,384
444,スケーラブルリアルタイムデータ分析入門,https://www.oreilly.co.jp/books/9784873117751/,Nathan Marz、James Warren　著、伊藤 真浩、木下 哲也　訳,2016-08-24,384
445,Docker,https://www.oreilly.co.jp/books/9784873117768/,Adrian Mouat　著、Sky株式会社 玉川 竜司　訳,2016-08-13,384
446,行列プログラマー,https://www.oreilly.co.jp/books/9784873117775/,Philip N. Klein　著、松田 晃一、弓林 司、脇本 佑紀、中田 洋、齋藤 大吾　訳,2016-10-05,688
447,退屈なことはPythonにやらせよう,https://www.oreilly.co.jp/books/9784873117782/,Al Sweigart　著、相川 愛三　訳,2017-06-03,616
448,デザインの伝え方,https://www.oreilly.co.jp/books/9784873117799/,Tom Greever　著、坂田一倫　監訳、武舎 広幸、武舎 るみ　訳,2016-09-16,332
449,デザインスプリント,https://www.oreilly.co.jp/books/9784873117805/,Richard Banfield、C. Todd Lombardo、Trace Wax　著、安藤 幸央、佐藤 伸哉　監訳、牧野 聡　訳,2016-11-26,276
450,Cクイックリファレンス 第2版,https://www.oreilly.co.jp/books/9784873117812/,Peter Prinz、Tony Crawford　著、黒川 利明　訳、島 敏博　技術監修,2016-11-05,816
451,初めてのJavaScript 第3版,https://www.oreilly.co.jp/books/9784873117836/,Ethan Brown　著、武舎 広幸、武舎 るみ　訳,2017-01-20,452
452,実践 Appium,https://www.oreilly.co.jp/books/9784873117843/,Manoj Hans　著、太田 健一郎　監訳、児島 修　訳,2016-11-26,204
453,アルゴリズムクイックリファレンス 第2版,https://www.oreilly.co.jp/books/9784873117850/,George T. Heineman、Gary Pollice、Stanley Selkow　著、黒川 利明、黒川 洋　訳,2016-12-24,440
454,ゼロからはじめるデータサイエンス,https://www.oreilly.co.jp/books/9784873117867/,Joel Grus　著、菊池 彰　訳,2017-01-25,400
455,Cooking for Geeks 第2版,https://www.oreilly.co.jp/books/9784873117874/,Jeff Potter　著、水原 文　訳,2016-12-24,504
456,Reactビギナーズガイド,https://www.oreilly.co.jp/books/9784873117881/,Stoyan Stefanov　著、牧野 聡　訳,2017-03-11,248
457,Prototyping Lab 第2版,https://www.oreilly.co.jp/books/9784873117898/,小林 茂　著,2017-01-19,496
458,詳解 システム・パフォーマンス,https://www.oreilly.co.jp/books/9784873117904/,Brendan Gregg　著、西脇 靖紘　監訳、長尾 高弘　訳,2017-02-22,784
459,SRE サイトリライアビリティエンジニアリング,https://www.oreilly.co.jp/books/9784873117911/,"Betsy Beyer, Chris Jones, Jennifer Petoff, Niall Richard Murphy　編、澤田 武男、関根 達夫、細川 一茂、矢吹 大輔　監訳、Sky株式会社 玉川 竜司　訳",2017-08-12,590
460,Optimized C++,https://www.oreilly.co.jp/books/9784873117928/,Kurt Guntheroth　著、黒川 利明　訳、島 敏博　技術監修,2017-02-22,368
461,初めてのPHP,https://www.oreilly.co.jp/books/9784873117935/,David Sklar　著、桑村 潤、廣川 類　監訳、木下 哲也　訳,2017-03-18,364
462,Pythonではじめるデータラングリング,https://www.oreilly.co.jp/books/9784873117942/,Jacqueline Kazil、Katharine Jarmul　著、長尾 高弘　訳、嶋田 健志　技術監修,2017-04-26,516
463,GitHubツールビルディング,https://www.oreilly.co.jp/books/9784873117959/,Chris Dawson、 Ben Straub　著、池田 尚史　監訳、笹井 崇司　訳,2017-05-10,320
464,Infrastructure as Code,https://www.oreilly.co.jp/books/9784873117966/,Kief Morris　著、宮下 剛輔　監訳、長尾 高弘　訳,2017-03-18,352
465,SVGエッセンシャルズ 第2版,https://www.oreilly.co.jp/books/9784873117973/,J. David Eisenberg、Amelia Bellamy-Royds　著、原 隆文　訳,2017-05-17,432
466,Pythonではじめる機械学習,https://www.oreilly.co.jp/books/9784873117980/,Andreas C. Muller、Sarah Guido　著、中田 秀基　訳,2017-05-25,392
467,Effective Debugging,https://www.oreilly.co.jp/books/9784873117997/,Diomidis Spinellis　著、黒川 利明　訳、大岩 尚宏　技術監修,2017-06-24,252
468,マッピングエクスペリエンス,https://www.oreilly.co.jp/books/9784873118000/,James Kalbach　著、武舎 広幸、武舎 るみ　訳,2018-01-30,370
469,エラスティックリーダーシップ,https://www.oreilly.co.jp/books/9784873118024/,Roy Osherove　著、島田 浩二　訳,2017-05-13,288
470,マイクロシェルター,https://www.oreilly.co.jp/books/9784873118031/,Derek Diedricksen　著、金井 哲夫　訳,2017-05-26,260
471,Real World HTTP,https://www.oreilly.co.jp/books/9784873118048/,渋川 よしき　著,2017-06-14,360
472,Lean UX 第2版,https://www.oreilly.co.jp/books/9784873118055/,ジェフ・ゴーセルフ、ジョシュ・セイデン 著、坂田 一倫　 監訳、児島 修　 訳、エリック・リース シリーズエディタ,2017-07-04,256
473,サーバーレスシングルページアプリケーション,https://www.oreilly.co.jp/books/9784873118062/,Ben Rady　著、吉田 真吾　監訳、笹井 崇司　訳,2017-06-23,232
474,アイソモーフィックJavaScript,https://www.oreilly.co.jp/books/9784873118079/,Jason Strimpel、Maxime Najim　著、牧野 聡　訳,2017-07-04,256
475,PythonとJavaScriptではじめるデータビジュアライゼーション,https://www.oreilly.co.jp/books/9784873118086/,Kyran Dale　著、嶋田 健志　監訳、木下 哲也　訳,2017-08-25,500
476,プログラミングROS,https://www.oreilly.co.jp/books/9784873118093/,Morgan Quigley、Brian Gerkey、William D. Smart　著、河田 卓志　監訳、松田 晃一、福地 正樹、由谷 哲夫　訳,2017-12-13,480
477,UnityによるARゲーム開発,https://www.oreilly.co.jp/books/9784873118109/,Micheal Lanham　著、高橋 憲一、あんどうやすし、江川 崇、安藤 幸央　訳,2017-09-02,344
478,Raspberry Piクックブック 第2版,https://www.oreilly.co.jp/books/9784873118116/,Simon Monk　著、水原 文　訳,2017-08-25,448
479,私たちはみなメイカーだ,https://www.oreilly.co.jp/books/9784873118123/,Dale Dougherty、Ariane Conrad　著、金井 哲夫　訳,2017-08-12,416
480,micro:bitではじめるプログラミング,https://www.oreilly.co.jp/books/9784873118130/,スイッチエデュケーション編集部　著,2017-11-25,188
481,Rではじめるデータサイエンス,https://www.oreilly.co.jp/books/9784873118147/,Hadley Wickham、Garrett Grolemund　著、黒川 利明　訳、大橋 真也　技術監修,2017-10-25,480
482,プロダクションレディマイクロサービス,https://www.oreilly.co.jp/books/9784873118154/,Susan J. Fowler　著、佐藤 直生　監訳、長尾 高弘　訳,2017-09-13,216
483,初めての自動テスト,https://www.oreilly.co.jp/books/9784873118161/,Jonathan Rasmusson　著、玉川 紘子　訳,2017-09-21,288
484,Fluent Python,https://www.oreilly.co.jp/books/9784873118178/,Luciano Ramalho　著、豊沢 聡、桑井 博之　監訳、梶原 玲子　訳,2017-10-07,832
485,入門 PySpark,https://www.oreilly.co.jp/books/9784873118185/,Tomasz Drabas、Denny Lee　著、Sky株式会社 玉川 竜司　訳,2017-11-22,328
486,Sphinxをはじめよう 第2版,https://www.oreilly.co.jp/books/9784873118192/,清水川貴之、小宮健、山田剛、若山史郎　著,2017-10-22,182
487,ベタープログラマ,https://www.oreilly.co.jp/books/9784873118208/,Pete Goodliffe　著、柴田 芳樹　訳,2017-12-15,376
488,Go言語でつくるインタプリタ,https://www.oreilly.co.jp/books/9784873118222/,Thorsten Ball　著、設樂 洋爾　訳,2018-06-16,316
489,カーハッカーズ・ハンドブック,https://www.oreilly.co.jp/books/9784873118239/,Craig Smith　著、井上 博之　監修、自動車ハッククラブ　訳,2017-12-22,312
490,初めてのPerl 第7版,https://www.oreilly.co.jp/books/9784873118246/,Randal L. Schwartz、brian d foy、Tom Phoenix　著、近藤 嘉雪、嶋田 健志　訳,2018-01-20,408
491,仕事ではじめる機械学習,https://www.oreilly.co.jp/books/9784873118253/,有賀 康顕、中山 心太、西林 孝　著,2018-01-16,248
492,直感 Deep Learning,https://www.oreilly.co.jp/books/9784873118260/,Antonio Gulli、Sujit Pal　著、大串 正矢 、久保 隆宏、中山 光樹　訳,2018-08-11,336
493,エレクトロニクスをはじめよう,https://www.oreilly.co.jp/books/9784873118277/,Forrest M. Mims III　著、斉田 一樹　監訳、鈴木 英倫子　訳,2018-02-24,192
494,データサイエンスのための統計学入門,https://www.oreilly.co.jp/books/9784873118284/,Peter Bruce、Andrew Bruce　著、黒川 利明　訳、大橋 真也　技術監修,2018-02-24,348
495,Head First Python 第2版,https://www.oreilly.co.jp/books/9784873118291/,Paul Barry　著、嶋田 健志　監訳、木下 哲也　訳,2018-03-24,624
496,Rによるテキストマイニング,https://www.oreilly.co.jp/books/9784873118307/,"Julia Silge, David Robinson　著、大橋 真也　監訳、長尾 高弘　訳",2018-05-18,228
497,Raspberry Piをはじめよう 第3版,https://www.oreilly.co.jp/books/9784873118314/,Matt Richardson、Shawn Wallace　著、水原 文　訳,2018-03-16,200
498,実践 Deep Learning,https://www.oreilly.co.jp/books/9784873118321/,Nikhil Buduma　著、太田 満久、藤原 秀平　監訳、牧野 聡　訳,2018-04-26,336
499,scikit-learnとTensorFlowによる実践機械学習,https://www.oreilly.co.jp/books/9784873118345/,Aurélien Géron　著、下田 倫大　監訳、長尾 高弘　訳,2018-04-26,568
500,Effective DevOps,https://www.oreilly.co.jp/books/9784873118352/,Jennifer Davis、Ryn Daniels　著、吉羽 龍太郎　監訳、長尾 高弘　訳,2018-03-24,376
501,ゼロから作るDeep Learning ❷,https://www.oreilly.co.jp/books/9784873118369/,斎藤 康毅　著,2018-07-21,432
502,詳解 OpenCV 3,https://www.oreilly.co.jp/books/9784873118376/,"Adrian Kaehler, Gary Bradski　著、松田 晃一、小沼 千絵、永田 雅人、花形 理　訳",2018-05-26,992
503,実践 CSIRTプレイブック,https://www.oreilly.co.jp/books/9784873118383/,Jeff Bollinger、Brandon Enright、Matthew Valites　著、飯島 卓也、小川 梢、柴田 亮、山田 正浩　監訳、谷崎 朋子　訳,2018-05-19,272
504,退屈をぶっとばせ！,https://www.oreilly.co.jp/books/9784873118390/,Joshua Glenn、Elizabeth Foy Larsen　著、大網 拓真、渡辺 圭介　訳,2018-05-26,348
505,入門 Kubernetes,https://www.oreilly.co.jp/books/9784873118406/,Kelsey Hightower、Brendan Burns、Joe Beda　著、松浦 隼人　訳,2018-03-22,248
506,Pythonデータサイエンスハンドブック,https://www.oreilly.co.jp/books/9784873118413/,Jake VanderPlas　著、菊池 彰　訳,2018-05-26,556
507,生き物としての力を取り戻す50の自然体験,https://www.oreilly.co.jp/books/9784873118420/,カシオ計算機株式会社　監修、株式会社Surface&Architecture　編,2018-07-26,236
508,コンピュータサイエンス探偵の事件簿,https://www.oreilly.co.jp/books/9784873118437/,Jeremy Kubica　著、鈴木 幸敏　訳,2018-06-20,268
509,実践 パケット解析 第3版,https://www.oreilly.co.jp/books/9784873118444/,Chris Sanders　著、髙橋 基信、宮本 久仁男　監訳、岡 真由美　訳,2018-06-16,424
510,Pythonによるデータ分析入門 第2版,https://www.oreilly.co.jp/books/9784873118451/,Wes McKinney　著、瀬戸山 雅人、小林 儀匡、滝口 開資　訳,2018-07-26,596
511,Go言語による並行処理,https://www.oreilly.co.jp/books/9784873118468/,Katherine Cox-Buday　著、山口 能迪　訳,2018-10-26,256
512,作って動かすALife,https://www.oreilly.co.jp/books/9784873118475/,岡 瑞起、池上 高志、ドミニク・チェン、青木 竜太、丸山 典宏　著,2018-07-28,224
513,エンジニアのためのマネジメントキャリアパス,https://www.oreilly.co.jp/books/9784873118482/,Camille Fournier　著、武舎 広幸、武舎 るみ　訳、及川 卓也　まえがき,2018-09-26,312
514,Kafka,https://www.oreilly.co.jp/books/9784873118499/,Neha Narkhede、Gwen Shapira、Todd Palino　著、上岡 真也　監訳、笹井 崇司　訳,2018-08-03,312
515,Unityによるモバイルゲーム開発,https://www.oreilly.co.jp/books/9784873118505/,Jon Manning、Paris Buttfield-Addison　著、鈴木 久貴、あんどうやすし、江川 崇、安藤 幸央、高橋 憲一　訳,2018-08-24,392
516,問題解決のPythonプログラミング,https://www.oreilly.co.jp/books/9784873118512/,Srini Devadas　著、黒川 利明　訳,2018-09-22,288
517,ハンダづけをはじめよう,https://www.oreilly.co.jp/books/9784873118529/,Marc de Vinck　著、テクノ手芸部　監訳、鈴木 英倫子　訳,2018-08-10,156
518,プログラミングRust,https://www.oreilly.co.jp/books/9784873118550/,Jim Blandy、Jason Orendorff　著、中田 秀基　訳,2018-08-10,608
519,進化的アーキテクチャ ,https://www.oreilly.co.jp/books/9784873118567/,Neal Ford、Rebecca Parsons、Patrick Kua　著、島田 浩二　訳,2018-08-18,240
520,RとKerasによるディープラーニング,https://www.oreilly.co.jp/books/9784873118574/,François Chollet、J. J. Allaire　著、瀬戸山 雅人　監訳、長尾 高弘　訳,2018-10-12,400
